strategy,tf,label,di,rr,persist,adx_min,adx_rising,di_slope,trades,win_rate,roi,sharpe,max_dd,pvt_threshold,pvt_consec
SmaScalping,5m,5m (2026-01-14 → 2026-03-03),35.0,5.0,2.0,20.0,True,False,34,29.4,27.98,4.29,-5.85,,
SmaScalping,15m,15m (2025-10-22 → 2026-03-03),30.0,4.0,1.0,15.0,False,False,51,29.4,25.42,3.18,-8.74,,
SmaScalping,15m,15m (2025-10-22 → 2026-03-03),35.0,8.0,1.0,15.0,True,False,25,20.0,20.18,3.12,-6.79,,
SmaScalping,15m,15m (2025-10-22 → 2026-03-03),35.0,8.0,1.0,0.0,True,False,25,20.0,20.18,3.12,-6.79,,
SmaScalping,15m,15m (2025-10-22 → 2026-03-03),35.0,8.0,1.0,0.0,True,True,25,20.0,20.18,3.12,-6.79,,
SmaScalping,5m,5m (2026-01-14 → 2026-03-03),35.0,5.0,2.0,15.0,True,False,35,25.7,19.46,3.08,-9.56,,
SmaScalping,5m,5m (2026-01-14 → 2026-03-03),25.0,4.0,2.0,0.0,False,False,59,28.8,27.72,3.04,-7.82,,
SmaScalping,15m,15m (2025-10-22 → 2026-03-03),25.0,3.0,1.0,15.0,False,False,67,34.3,26.82,2.91,-8.76,,
SmaScalping,15m,15m (2025-10-22 → 2026-03-03),30.0,8.0,2.0,0.0,True,False,42,19.0,31.52,2.9,-8.65,,
SmaScalping,5m,5m (2026-01-14 → 2026-03-03),35.0,5.0,2.0,20.0,False,False,40,25.0,20.49,2.9,-8.65,,
SmaScalping,5m,5m (2026-01-14 → 2026-03-03),35.0,5.0,2.0,15.0,False,False,36,25.0,18.26,2.89,-8.65,,
SmaScalping,15m,15m (2025-10-22 → 2026-03-03),35.0,6.0,1.0,15.0,True,True,36,22.2,20.29,2.82,-10.47,,
SmaScalping,15m,15m (2025-10-22 → 2026-03-03),35.0,5.0,1.0,15.0,False,True,53,24.5,26.14,2.8,-11.36,,
SmaScalping,15m,15m (2025-10-22 → 2026-03-03),35.0,6.0,1.0,0.0,True,True,37,21.6,19.09,2.63,-11.36,,
SmaScalping,5m,5m (2026-01-14 → 2026-03-03),30.0,6.0,2.0,0.0,True,False,28,21.4,13.71,2.62,-9.56,,
SmaScalping,15m,15m (2025-10-22 → 2026-03-03),30.0,4.0,1.0,0.0,False,False,47,27.7,18.31,2.6,-9.56,,
SmaScalping,15m,15m (2025-10-22 → 2026-03-03),35.0,5.0,1.0,0.0,False,True,46,23.9,20.31,2.59,-12.25,,
SmaScalping,5m,5m (2026-01-14 → 2026-03-03),35.0,4.0,2.0,20.0,False,False,40,27.5,15.02,2.56,-5.85,,
SmaScalping,15m,15m (2025-10-22 → 2026-03-03),30.0,5.0,1.0,15.0,False,True,29,24.1,12.8,2.53,-7.73,,
SmaScalping,5m,5m (2026-01-14 → 2026-03-03),35.0,5.0,1.0,20.0,False,False,46,23.9,20.31,2.48,-10.47,,
SmaScalping,5m,5m (2026-01-14 → 2026-03-03),35.0,6.0,2.0,20.0,True,False,24,20.8,10.56,2.43,-5.85,,
SmaScalping,15m,15m (2025-10-22 → 2026-03-03),35.0,6.0,1.0,20.0,False,True,43,20.9,20.05,2.41,-9.56,,
SmaScalping,5m,5m (2026-01-14 → 2026-03-03),35.0,5.0,2.0,0.0,False,False,34,23.5,13.77,2.4,-9.56,,
SmaScalping,5m,5m (2026-01-14 → 2026-03-03),35.0,5.0,2.0,0.0,True,False,34,23.5,13.77,2.39,-10.47,,
SmaScalping,15m,15m (2025-10-22 → 2026-03-03),25.0,3.0,2.0,15.0,False,False,77,32.5,24.15,2.39,-9.56,,
SmaScalping,5m,5m (2026-01-14 → 2026-03-03),30.0,6.0,2.0,0.0,False,False,29,20.7,12.58,2.38,-9.56,,
SmaScalping,5m,5m (2026-01-14 → 2026-03-03),35.0,4.0,2.0,20.0,True,False,37,27.0,12.85,2.37,-5.85,,
SmaScalping,15m,15m (2025-10-22 → 2026-03-03),25.0,3.0,1.0,0.0,False,False,74,32.4,22.99,2.31,-9.62,,
SmaScalping,15m,15m (2025-10-22 → 2026-03-03),35.0,6.0,1.0,15.0,False,True,39,20.5,16.72,2.28,-10.47,,
SmaScalping,5m,5m (2026-01-14 → 2026-03-03),35.0,5.0,1.0,20.0,True,False,43,23.3,16.91,2.24,-13.13,,
SmaScalping,15m,15m (2025-10-22 → 2026-03-03),35.0,8.0,1.0,15.0,True,True,29,17.2,15.44,2.24,-11.36,,
SmaScalping,15m,15m (2025-10-22 → 2026-03-03),35.0,3.0,1.0,15.0,False,False,66,31.8,18.35,2.21,-11.36,,
SmaScalping,15m,15m (2025-10-22 → 2026-03-03),30.0,5.0,2.0,15.0,False,False,48,22.9,17.92,2.18,-7.73,,
SmaScalping,15m,15m (2025-10-22 → 2026-03-03),35.0,5.0,1.0,15.0,False,False,53,22.6,18.94,2.14,-12.25,,
SmaScalping,15m,15m (2025-10-22 → 2026-03-03),35.0,6.0,1.0,0.0,False,True,40,20.0,15.55,2.1,-11.36,,
SmaScalping,15m,15m (2025-10-22 → 2026-03-03),30.0,3.0,2.0,15.0,False,False,76,31.6,20.54,2.09,-8.7,,
SmaScalping,15m,15m (2025-10-22 → 2026-03-03),35.0,6.0,2.0,0.0,False,True,40,20.0,15.55,2.07,-8.83,,
SmaScalping,15m,15m (2025-10-22 → 2026-03-03),30.0,4.0,2.0,15.0,False,False,69,26.1,21.34,2.06,-7.73,,
SmaScalping,15m,15m (2025-10-22 → 2026-03-03),30.0,3.0,2.0,0.0,False,False,74,31.1,18.21,1.93,-8.7,,
SmaScalping,15m,15m (2025-10-22 → 2026-03-03),35.0,5.0,1.0,0.0,False,False,50,22.0,15.57,1.92,-13.13,,
SmaScalping,15m,15m (2025-10-22 → 2026-03-03),30.0,6.0,2.0,20.0,False,False,46,19.6,16.48,1.92,-13.13,,
SmaScalping,15m,15m (2025-10-22 → 2026-03-03),35.0,4.0,1.0,15.0,False,False,55,25.5,14.69,1.91,-12.25,,
SmaScalping,15m,15m (2025-10-22 → 2026-03-03),35.0,6.0,2.0,15.0,False,True,41,19.5,14.4,1.89,-8.83,,
SmaScalping,15m,15m (2025-10-22 → 2026-03-03),30.0,6.0,2.0,0.0,False,False,41,19.5,14.4,1.88,-8.65,,
SmaScalping,15m,15m (2025-10-22 → 2026-03-03),35.0,6.0,1.0,20.0,False,False,36,19.4,12.35,1.88,-11.36,,
SmaScalping,5m,5m (2026-01-14 → 2026-03-03),30.0,6.0,2.0,15.0,True,False,26,19.2,8.36,1.82,-8.83,,
SmaScalping,5m,5m (2026-01-14 → 2026-03-03),35.0,6.0,2.0,15.0,True,False,21,19.0,6.42,1.75,-5.85,,
SmaScalping,15m,15m (2025-10-22 → 2026-03-03),35.0,4.0,1.0,0.0,False,False,56,25.0,13.54,1.74,-13.13,,
SmaScalping,5m,5m (2026-01-14 → 2026-03-03),35.0,6.0,1.0,20.0,True,True,48,18.8,14.16,1.74,-13.13,,
SmaScalping,15m,15m (2025-10-22 → 2026-03-03),35.0,5.0,1.0,15.0,True,True,61,21.3,16.4,1.73,-17.5,,
SmaScalping,15m,15m (2025-10-22 → 2026-03-03),25.0,8.0,2.0,15.0,True,True,51,15.7,20.14,1.72,-14.85,,
SmaScalping,5m,5m (2026-01-14 → 2026-03-03),35.0,6.0,1.0,20.0,True,False,37,18.9,11.22,1.7,-12.25,,
SmaScalping,15m,15m (2025-10-22 → 2026-03-03),35.0,5.0,1.0,20.0,False,False,61,21.3,16.4,1.69,-15.23,,
SmaScalping,15m,15m (2025-10-22 → 2026-03-03),35.0,8.0,2.0,15.0,False,True,39,15.4,13.89,1.68,-15.71,,
SmaScalping,15m,15m (2025-10-22 → 2026-03-03),30.0,4.0,1.0,15.0,False,True,64,25.0,15.62,1.68,-9.65,,
SmaScalping,15m,15m (2025-10-22 → 2026-03-03),35.0,3.0,1.0,0.0,False,False,63,30.2,12.68,1.67,-12.25,,
SmaScalping,15m,15m (2025-10-22 → 2026-03-03),35.0,6.0,2.0,20.0,True,False,53,18.9,16.24,1.66,-10.65,,
SmaScalping,15m,15m (2025-10-22 → 2026-03-03),30.0,4.0,2.0,0.0,False,False,64,25.0,15.62,1.64,-10.64,,
SmaScalping,15m,15m (2025-10-22 → 2026-03-03),35.0,5.0,2.0,0.0,True,True,47,21.3,12.3,1.62,-9.69,,
SmaScalping,5m,5m (2026-01-14 → 2026-03-03),35.0,6.0,2.0,20.0,False,False,27,18.5,7.28,1.59,-6.79,,
SmaScalping,5m,5m (2026-01-14 → 2026-03-03),30.0,6.0,2.0,15.0,False,False,27,18.5,7.28,1.56,-8.83,,
SmaScalping,15m,15m (2025-10-22 → 2026-03-03),30.0,5.0,1.0,15.0,False,False,33,21.2,8.35,1.55,-7.73,,
SmaScalping,15m,15m (2025-10-22 → 2026-03-03),35.0,8.0,2.0,0.0,False,True,40,15.0,12.76,1.54,-16.55,,
SmaScalping,15m,15m (2025-10-22 → 2026-03-03),30.0,4.0,1.0,15.0,True,False,66,24.2,13.32,1.52,-17.46,,
SmaScalping,15m,15m (2025-10-22 → 2026-03-03),35.0,6.0,1.0,15.0,False,False,38,18.4,10.11,1.52,-12.25,,
SmaScalping,15m,15m (2025-10-22 → 2026-03-03),25.0,8.0,1.0,15.0,True,True,53,15.1,17.75,1.5,-16.55,,
SmaScalping,15m,15m (2025-10-22 → 2026-03-03),35.0,5.0,1.0,0.0,True,False,63,20.6,14.08,1.48,-18.33,,
SmaScalping,15m,15m (2025-10-22 → 2026-03-03),35.0,5.0,1.0,0.0,True,True,63,20.6,14.08,1.48,-19.15,,
SmaScalping,15m,15m (2025-10-22 → 2026-03-03),35.0,5.0,2.0,15.0,True,True,48,20.8,11.18,1.46,-9.83,,
SmaScalping,15m,15m (2025-10-22 → 2026-03-03),35.0,5.0,2.0,0.0,False,True,48,20.8,11.18,1.46,-10.6,,
SmaScalping,15m,15m (2025-10-22 → 2026-03-03),25.0,8.0,2.0,0.0,True,False,47,14.9,14.65,1.45,-10.47,,
SmaScalping,15m,15m (2025-10-22 → 2026-03-03),35.0,4.0,1.0,15.0,False,True,62,24.2,12.29,1.44,-11.45,,
SmaScalping,15m,15m (2025-10-22 → 2026-03-03),35.0,4.0,1.0,0.0,True,False,58,24.1,11.28,1.43,-12.33,,
SmaScalping,15m,15m (2025-10-22 → 2026-03-03),35.0,6.0,2.0,20.0,False,True,44,18.2,11.0,1.4,-7.91,,
SmaScalping,5m,5m (2026-01-14 → 2026-03-03),35.0,3.0,2.0,20.0,True,False,44,29.5,7.54,1.4,-7.83,,
SmaScalping,5m,5m (2026-01-14 → 2026-03-03),30.0,4.0,2.0,20.0,False,False,58,24.1,11.28,1.37,-13.13,,
SmaScalping,15m,15m (2025-10-22 → 2026-03-03),35.0,6.0,1.0,0.0,False,False,39,17.9,9.01,1.34,-13.13,,
SmaScalping,15m,15m (2025-10-22 → 2026-03-03),35.0,5.0,1.0,20.0,False,True,49,20.4,10.07,1.34,-11.62,,
SmaScalping,5m,5m (2026-01-14 → 2026-03-03),35.0,3.0,1.0,20.0,True,False,48,29.2,7.48,1.32,-10.52,,
SmaScalping,5m,5m (2026-01-14 → 2026-03-03),30.0,6.0,1.0,15.0,True,False,28,17.9,6.2,1.31,-9.75,,
SmaScalping,15m,15m (2025-10-22 → 2026-03-03),35.0,5.0,2.0,15.0,False,True,49,20.4,10.07,1.31,-10.6,,
SmaScalping,15m,15m (2025-10-22 → 2026-03-03),30.0,8.0,2.0,15.0,True,False,41,14.6,11.63,1.31,-12.25,,
SmaScalping,15m,15m (2025-10-22 → 2026-03-03),25.0,4.0,1.0,15.0,True,False,72,23.6,12.07,1.3,-18.29,,
SmaScalping,15m,15m (2025-10-22 → 2026-03-03),25.0,6.0,2.0,20.0,False,False,56,17.9,12.79,1.3,-16.55,,
SmaScalping,5m,5m (2026-01-14 → 2026-03-03),35.0,3.0,2.0,20.0,False,False,48,29.2,7.48,1.29,-8.7,,
SmaScalping,15m,15m (2025-10-22 → 2026-03-03),35.0,4.0,2.0,0.0,False,False,63,23.8,11.17,1.28,-11.54,,
SmaScalping,5m,5m (2026-01-14 → 2026-03-03),30.0,5.0,2.0,20.0,True,False,54,20.4,11.02,1.24,-15.83,,
SmaScalping,15m,15m (2025-10-22 → 2026-03-03),35.0,8.0,2.0,20.0,False,True,42,14.3,10.51,1.23,-14.85,,
SmaScalping,15m,15m (2025-10-22 → 2026-03-03),25.0,8.0,2.0,15.0,True,False,63,14.3,16.18,1.23,-15.15,,
SmaScalping,5m,5m (2026-01-14 → 2026-03-03),35.0,3.0,1.0,20.0,False,False,52,28.8,7.41,1.22,-9.67,,
SmaScalping,15m,15m (2025-10-22 → 2026-03-03),25.0,3.0,2.0,0.0,False,False,83,28.9,12.35,1.22,-10.57,,
SmaScalping,15m,15m (2025-10-22 → 2026-03-03),35.0,4.0,1.0,20.0,False,False,68,23.5,11.06,1.21,-16.12,,
SmaScalping,15m,15m (2025-10-22 → 2026-03-03),35.0,3.0,2.0,0.0,False,True,59,28.8,8.37,1.2,-10.57,,
SmaScalping,5m,5m (2026-01-14 → 2026-03-03),35.0,3.0,2.0,15.0,False,False,45,28.9,6.47,1.2,-6.79,,
SmaScalping,5m,5m (2026-01-14 → 2026-03-03),30.0,4.0,2.0,20.0,True,False,55,23.6,9.17,1.18,-13.21,,
SmaScalping,15m,15m (2025-10-22 → 2026-03-03),35.0,6.0,2.0,20.0,False,False,57,17.5,11.66,1.16,-12.43,,
SmaScalping,5m,5m (2026-01-14 → 2026-03-03),30.0,4.0,1.0,20.0,False,True,77,23.4,11.96,1.14,-11.62,,
SmaScalping,15m,15m (2025-10-22 → 2026-03-03),30.0,3.0,2.0,15.0,True,False,63,28.6,8.31,1.14,-8.81,,
SmaScalping,5m,5m (2026-01-14 → 2026-03-03),35.0,6.0,2.0,0.0,True,False,23,17.4,4.3,1.13,-6.79,,
SmaScalping,5m,5m (2026-01-14 → 2026-03-03),35.0,6.0,2.0,15.0,False,False,23,17.4,4.3,1.13,-6.79,,
SmaScalping,5m,5m (2026-01-14 → 2026-03-03),30.0,4.0,1.0,20.0,False,False,64,23.4,10.06,1.11,-13.13,,
SmaScalping,15m,15m (2025-10-22 → 2026-03-03),30.0,6.0,1.0,15.0,False,True,23,17.4,4.3,1.11,-10.47,,
SmaScalping,15m,15m (2025-10-22 → 2026-03-03),30.0,8.0,2.0,15.0,False,False,43,14.0,9.41,1.1,-15.15,,
SmaScalping,5m,5m (2026-01-14 → 2026-03-03),35.0,3.0,2.0,15.0,False,True,63,28.6,8.31,1.1,-7.23,,
SmaScalping,5m,5m (2026-01-14 → 2026-03-03),35.0,5.0,1.0,15.0,False,False,50,20.0,8.97,1.1,-13.25,,
SmaScalping,5m,5m (2026-01-14 → 2026-03-03),25.0,6.0,1.0,20.0,True,True,75,17.3,14.38,1.09,-17.38,,
SmaScalping,5m,5m (2026-01-14 → 2026-03-03),25.0,5.0,1.0,15.0,True,True,85,20.0,15.72,1.09,-19.84,,
SmaScalping,5m,5m (2026-01-14 → 2026-03-03),35.0,3.0,2.0,15.0,True,False,42,28.6,5.46,1.08,-9.62,,
SmaScalping,5m,5m (2026-01-14 → 2026-03-03),30.0,6.0,1.0,15.0,False,False,29,17.2,5.14,1.07,-10.65,,
SmaScalping,15m,15m (2025-10-22 → 2026-03-03),35.0,3.0,1.0,15.0,True,True,67,28.4,8.24,1.07,-11.41,,
SmaScalping,5m,5m (2026-01-14 → 2026-03-03),35.0,4.0,2.0,15.0,False,False,43,23.3,6.24,1.07,-7.73,,
SmaScalping,15m,15m (2025-10-22 → 2026-03-03),35.0,4.0,2.0,0.0,True,False,56,23.2,8.08,1.07,-13.21,,
SmaScalping,15m,15m (2025-10-22 → 2026-03-03),25.0,8.0,1.0,15.0,True,False,36,13.9,7.6,1.06,-13.13,,
SmaScalping,15m,15m (2025-10-22 → 2026-03-03),25.0,3.0,2.0,15.0,False,True,109,28.4,14.16,1.06,-15.86,,
SmaScalping,15m,15m (2025-10-22 → 2026-03-03),35.0,5.0,2.0,20.0,True,False,56,19.6,8.81,1.04,-11.49,,
SmaScalping,5m,5m (2026-01-14 → 2026-03-03),25.0,8.0,1.0,20.0,True,True,65,13.8,13.86,1.04,-19.58,,
SmaScalping,15m,15m (2025-10-22 → 2026-03-03),35.0,3.0,2.0,15.0,False,True,60,28.3,7.29,1.03,-11.47,,
SmaScalping,5m,5m (2026-01-14 → 2026-03-03),35.0,8.0,2.0,20.0,True,False,29,13.8,5.82,1.01,-10.47,,
SmaScalping,15m,15m (2025-10-22 → 2026-03-03),30.0,3.0,1.0,15.0,True,False,67,28.4,8.24,1.01,-7.78,,
SmaScalping,15m,15m (2025-10-22 → 2026-03-03),30.0,4.0,2.0,15.0,True,False,74,23.0,9.84,1.01,-16.55,,
SmaScalping,15m,15m (2025-10-22 → 2026-03-03),35.0,6.0,1.0,20.0,True,True,53,17.0,8.57,0.99,-15.88,,
SmaScalping,5m,5m (2026-01-14 → 2026-03-03),30.0,5.0,1.0,20.0,True,False,56,19.6,8.81,0.99,-15.83,,
SmaScalping,15m,15m (2025-10-22 → 2026-03-03),35.0,6.0,2.0,0.0,True,True,41,17.1,6.84,0.98,-8.83,,
SmaScalping,5m,5m (2026-01-14 → 2026-03-03),30.0,4.0,1.0,20.0,True,True,74,23.0,9.84,0.97,-12.25,,
SmaScalping,15m,15m (2025-10-22 → 2026-03-03),30.0,4.0,1.0,0.0,True,False,66,22.7,7.87,0.95,-18.29,,
SmaScalping,15m,15m (2025-10-22 → 2026-03-03),25.0,6.0,1.0,20.0,False,False,71,16.9,11.21,0.94,-14.85,,
SmaScalping,5m,5m (2026-01-14 → 2026-03-03),35.0,5.0,1.0,20.0,False,True,57,19.3,7.72,0.94,-13.99,,
SmaScalping,5m,5m (2026-01-14 → 2026-03-03),35.0,4.0,1.0,20.0,False,False,48,22.9,6.14,0.93,-10.55,,
SmaScalping,15m,15m (2025-10-22 → 2026-03-03),35.0,3.0,1.0,15.0,False,True,68,27.9,7.16,0.92,-12.3,,
SmaScalping,15m,15m (2025-10-22 → 2026-03-03),25.0,4.0,1.0,20.0,False,False,115,22.6,13.34,0.88,-23.15,,
SmaScalping,15m,15m (2025-10-22 → 2026-03-03),25.0,8.0,1.0,20.0,False,True,74,13.5,13.47,0.88,-19.84,,
SmaScalping,15m,15m (2025-10-22 → 2026-03-03),25.0,8.0,2.0,0.0,False,False,52,13.5,9.03,0.88,-11.36,,
SmaScalping,5m,5m (2026-01-14 → 2026-03-03),35.0,3.0,2.0,15.0,True,True,61,27.9,6.21,0.86,-9.83,,
SmaScalping,15m,15m (2025-10-22 → 2026-03-03),35.0,4.0,1.0,15.0,True,True,62,22.6,6.89,0.85,-12.68,,
SmaScalping,5m,5m (2026-01-14 → 2026-03-03),35.0,4.0,1.0,20.0,True,False,44,22.7,5.18,0.85,-13.13,,
SmaScalping,15m,15m (2025-10-22 → 2026-03-03),25.0,5.0,1.0,15.0,False,False,52,19.2,6.8,0.85,-11.49,,
SmaScalping,5m,5m (2026-01-14 → 2026-03-03),35.0,6.0,2.0,0.0,False,False,24,16.7,3.26,0.84,-7.73,,
SmaScalping,15m,15m (2025-10-22 → 2026-03-03),30.0,3.0,2.0,0.0,True,False,65,27.7,6.15,0.83,-11.47,,
SmaScalping,5m,5m (2026-01-14 → 2026-03-03),30.0,4.0,2.0,20.0,False,True,89,22.5,9.52,0.82,-15.79,,
SmaScalping,15m,15m (2025-10-22 → 2026-03-03),30.0,6.0,2.0,15.0,False,False,42,16.7,5.77,0.82,-14.85,,
SmaScalping,15m,15m (2025-10-22 → 2026-03-03),25.0,8.0,1.0,20.0,False,False,60,13.3,9.75,0.81,-13.13,,
SmaScalping,5m,5m (2026-01-14 → 2026-03-03),35.0,4.0,2.0,0.0,False,False,40,22.5,4.23,0.8,-8.65,,
SmaScalping,15m,15m (2025-10-22 → 2026-03-03),30.0,5.0,2.0,0.0,False,False,42,19.0,4.98,0.79,-8.65,,
SmaScalping,15m,15m (2025-10-22 → 2026-03-03),25.0,8.0,1.0,15.0,False,False,30,13.3,4.76,0.79,-11.36,,
SmaScalping,15m,15m (2025-10-22 → 2026-03-03),35.0,4.0,1.0,15.0,True,False,58,22.4,5.93,0.79,-11.8,,
SmaScalping,5m,5m (2026-01-14 → 2026-03-03),35.0,3.0,2.0,0.0,False,False,47,27.7,4.35,0.79,-7.73,,
SmaScalping,5m,5m (2026-01-14 → 2026-03-03),25.0,5.0,1.0,20.0,True,True,79,19.0,9.27,0.77,-17.38,,
SmaScalping,5m,5m (2026-01-14 → 2026-03-03),30.0,5.0,1.0,15.0,False,False,63,19.0,7.56,0.75,-19.15,,
SmaScalping,15m,15m (2025-10-22 → 2026-03-03),30.0,4.0,1.0,20.0,False,False,90,22.2,8.43,0.73,-18.85,,
SmaScalping,15m,15m (2025-10-22 → 2026-03-03),35.0,5.0,2.0,0.0,True,False,53,18.9,5.73,0.73,-11.49,,
SmaScalping,5m,5m (2026-01-14 → 2026-03-03),25.0,6.0,1.0,15.0,True,True,73,16.4,9.0,0.71,-21.91,,
SmaScalping,5m,5m (2026-01-14 → 2026-03-03),35.0,3.0,1.0,15.0,True,True,73,27.4,6.03,0.71,-12.25,,
SmaScalping,15m,15m (2025-10-22 → 2026-03-03),30.0,4.0,2.0,0.0,True,False,72,22.2,6.69,0.71,-16.55,,
SmaScalping,5m,5m (2026-01-14 → 2026-03-03),25.0,6.0,2.0,0.0,False,False,49,16.3,5.56,0.7,-12.78,,
SmaScalping,15m,15m (2025-10-22 → 2026-03-03),30.0,5.0,1.0,0.0,False,True,37,18.9,4.08,0.7,-13.99,,
SmaScalping,5m,5m (2026-01-14 → 2026-03-03),35.0,4.0,1.0,15.0,False,True,63,22.2,5.83,0.69,-10.55,,
SmaScalping,5m,5m (2026-01-14 → 2026-03-03),25.0,4.0,1.0,15.0,True,True,99,22.2,9.31,0.67,-20.64,,
SmaScalping,15m,15m (2025-10-22 → 2026-03-03),35.0,6.0,2.0,20.0,True,True,43,16.3,4.71,0.66,-10.47,,
SmaScalping,15m,15m (2025-10-22 → 2026-03-03),35.0,6.0,2.0,15.0,True,True,43,16.3,4.71,0.66,-8.83,,
SmaScalping,5m,5m (2026-01-14 → 2026-03-03),30.0,6.0,1.0,20.0,True,True,62,16.1,6.19,0.64,-15.71,,
SmaScalping,15m,15m (2025-10-22 → 2026-03-03),25.0,6.0,1.0,15.0,False,False,37,16.2,3.88,0.64,-12.25,,
SmaScalping,5m,5m (2026-01-14 → 2026-03-03),35.0,8.0,1.0,20.0,True,False,39,12.8,4.4,0.62,-13.42,,
SmaScalping,5m,5m (2026-01-14 → 2026-03-03),35.0,6.0,1.0,20.0,False,True,56,16.1,5.34,0.62,-15.71,,
SmaScalping,5m,5m (2026-01-14 → 2026-03-03),35.0,8.0,2.0,15.0,True,False,31,12.9,3.72,0.62,-13.13,,
SmaScalping,5m,5m (2026-01-14 → 2026-03-03),30.0,4.0,1.0,20.0,True,False,59,22.0,4.87,0.61,-13.21,,
SmaScalping,5m,5m (2026-01-14 → 2026-03-03),35.0,4.0,1.0,15.0,True,True,59,22.0,4.87,0.61,-13.99,,
SmaScalping,5m,5m (2026-01-14 → 2026-03-03),35.0,5.0,1.0,20.0,True,True,54,18.5,4.67,0.61,-13.13,,
SmaScalping,5m,5m (2026-01-14 → 2026-03-03),30.0,5.0,1.0,20.0,False,False,59,18.6,5.58,0.6,-21.43,,
SmaScalping,15m,15m (2025-10-22 → 2026-03-03),30.0,3.0,1.0,15.0,False,False,81,27.2,5.9,0.6,-10.57,,
SmaScalping,5m,5m (2026-01-14 → 2026-03-03),30.0,3.0,1.0,15.0,True,True,96,27.1,6.72,0.6,-14.85,,
SmaScalping,15m,15m (2025-10-22 → 2026-03-03),35.0,5.0,2.0,15.0,True,False,54,18.5,4.67,0.59,-11.49,,
SmaScalping,15m,15m (2025-10-22 → 2026-03-03),25.0,5.0,2.0,15.0,False,True,70,18.6,6.33,0.59,-20.75,,
SmaScalping,5m,5m (2026-01-14 → 2026-03-03),25.0,4.0,2.0,20.0,False,False,73,21.9,5.62,0.58,-16.55,,
SmaScalping,5m,5m (2026-01-14 → 2026-03-03),25.0,4.0,1.0,20.0,True,True,73,21.9,5.62,0.58,-16.55,,
SmaScalping,5m,5m (2026-01-14 → 2026-03-03),35.0,4.0,2.0,15.0,True,False,41,22.0,3.19,0.58,-10.47,,
SmaScalping,5m,5m (2026-01-14 → 2026-03-03),25.0,4.0,2.0,15.0,False,False,82,22.0,6.48,0.57,-19.84,,
SmaScalping,5m,5m (2026-01-14 → 2026-03-03),25.0,4.0,1.0,15.0,True,False,73,21.9,5.62,0.57,-19.11,,
SmaScalping,5m,5m (2026-01-14 → 2026-03-03),30.0,3.0,1.0,20.0,True,True,89,27.0,5.77,0.57,-10.47,,
SmaScalping,5m,5m (2026-01-14 → 2026-03-03),25.0,4.0,2.0,15.0,True,False,73,21.9,5.62,0.57,-18.29,,
SmaScalping,15m,15m (2025-10-22 → 2026-03-03),25.0,5.0,1.0,20.0,False,True,81,18.5,7.09,0.56,-23.11,,
SmaScalping,15m,15m (2025-10-22 → 2026-03-03),25.0,8.0,1.0,0.0,False,True,47,12.8,5.1,0.56,-24.53,,
SmaScalping,5m,5m (2026-01-14 → 2026-03-03),35.0,3.0,1.0,15.0,False,True,78,26.9,4.9,0.56,-10.52,,
SmaScalping,15m,15m (2025-10-22 → 2026-03-03),35.0,6.0,2.0,0.0,False,False,50,16.0,4.5,0.56,-12.43,,
SmaScalping,15m,15m (2025-10-22 → 2026-03-03),35.0,6.0,2.0,15.0,False,False,50,16.0,4.5,0.56,-12.43,,
SmaScalping,5m,5m (2026-01-14 → 2026-03-03),35.0,5.0,1.0,0.0,False,False,54,18.5,4.67,0.55,-15.83,,
SmaScalping,5m,5m (2026-01-14 → 2026-03-03),35.0,3.0,1.0,20.0,True,True,67,26.9,4.04,0.54,-8.65,,
SmaScalping,15m,15m (2025-10-22 → 2026-03-03),35.0,5.0,2.0,20.0,False,True,49,18.4,3.78,0.53,-9.69,,
SmaScalping,15m,15m (2025-10-22 → 2026-03-03),35.0,5.0,2.0,20.0,False,False,60,18.3,4.52,0.53,-13.25,,
SmaScalping,15m,15m (2025-10-22 → 2026-03-03),25.0,8.0,1.0,0.0,True,True,71,12.7,7.2,0.52,-16.55,,
SmaScalping,5m,5m (2026-01-14 → 2026-03-03),35.0,4.0,2.0,15.0,False,True,60,21.7,3.82,0.52,-11.36,,
SmaScalping,15m,15m (2025-10-22 → 2026-03-03),30.0,3.0,1.0,0.0,False,False,78,26.9,4.9,0.51,-14.15,,
SmaScalping,5m,5m (2026-01-14 → 2026-03-03),35.0,6.0,1.0,20.0,False,False,44,15.9,3.67,0.51,-17.38,,
SmaScalping,15m,15m (2025-10-22 → 2026-03-03),35.0,4.0,1.0,20.0,True,False,60,21.7,3.82,0.51,-14.41,,
SmaScalping,5m,5m (2026-01-14 → 2026-03-03),25.0,4.0,1.0,0.0,False,False,74,21.6,4.56,0.48,-11.54,,
SmaScalping,5m,5m (2026-01-14 → 2026-03-03),25.0,4.0,1.0,20.0,False,True,130,21.5,7.58,0.46,-15.71,,
SmaScalping,5m,5m (2026-01-14 → 2026-03-03),35.0,4.0,1.0,20.0,False,True,65,21.5,3.72,0.45,-12.25,,
SmaScalping,5m,5m (2026-01-14 → 2026-03-03),35.0,8.0,2.0,15.0,False,False,32,12.5,2.68,0.45,-12.25,,
SmaScalping,5m,5m (2026-01-14 → 2026-03-03),35.0,3.0,2.0,0.0,True,False,45,26.7,2.33,0.45,-10.52,,
SmaScalping,15m,15m (2025-10-22 → 2026-03-03),30.0,5.0,1.0,20.0,False,True,55,18.2,3.63,0.45,-15.71,,
SmaScalping,15m,15m (2025-10-22 → 2026-03-03),25.0,5.0,1.0,20.0,False,False,116,18.1,7.23,0.44,-20.99,,
SmaScalping,15m,15m (2025-10-22 → 2026-03-03),25.0,8.0,1.0,0.0,False,False,32,12.5,2.68,0.43,-13.13,,
SmaScalping,15m,15m (2025-10-22 → 2026-03-03),25.0,3.0,1.0,20.0,False,False,117,26.5,5.34,0.42,-20.03,,
SmaScalping,5m,5m (2026-01-14 → 2026-03-03),30.0,6.0,2.0,20.0,True,False,51,15.7,3.46,0.42,-15.71,,
SmaScalping,5m,5m (2026-01-14 → 2026-03-03),35.0,3.0,2.0,20.0,False,True,68,26.5,3.0,0.39,-7.73,,
SmaScalping,5m,5m (2026-01-14 → 2026-03-03),35.0,3.0,1.0,20.0,False,True,72,26.4,2.94,0.38,-8.65,,
SmaScalping,15m,15m (2025-10-22 → 2026-03-03),30.0,4.0,1.0,0.0,False,True,56,21.4,2.88,0.38,-13.13,,
SmaScalping,5m,5m (2026-01-14 → 2026-03-03),35.0,4.0,2.0,20.0,False,True,61,21.3,2.78,0.37,-11.36,,
SmaScalping,15m,15m (2025-10-22 → 2026-03-03),25.0,3.0,2.0,0.0,True,False,72,26.4,2.94,0.37,-11.52,,
SmaScalping,15m,15m (2025-10-22 → 2026-03-03),30.0,3.0,2.0,15.0,False,True,91,26.4,3.67,0.37,-22.31,,
SmaScalping,15m,15m (2025-10-22 → 2026-03-03),30.0,5.0,2.0,15.0,True,False,67,17.9,3.33,0.36,-22.33,,
SmaScalping,5m,5m (2026-01-14 → 2026-03-03),35.0,4.0,1.0,20.0,True,True,61,21.3,2.78,0.36,-12.25,,
SmaScalping,15m,15m (2025-10-22 → 2026-03-03),30.0,5.0,1.0,0.0,False,False,39,17.9,2.01,0.34,-12.25,,
SmaScalping,15m,15m (2025-10-22 → 2026-03-03),25.0,4.0,2.0,15.0,True,False,80,21.2,3.42,0.34,-16.55,,
SmaScalping,15m,15m (2025-10-22 → 2026-03-03),35.0,5.0,2.0,0.0,False,False,56,17.9,2.59,0.33,-13.25,,
SmaScalping,5m,5m (2026-01-14 → 2026-03-03),25.0,4.0,2.0,20.0,True,False,66,21.2,2.68,0.32,-15.79,,
SmaScalping,5m,5m (2026-01-14 → 2026-03-03),30.0,5.0,2.0,20.0,False,False,56,17.9,2.59,0.31,-20.64,,
SmaScalping,5m,5m (2026-01-14 → 2026-03-03),30.0,4.0,2.0,20.0,True,True,85,21.2,3.31,0.31,-17.38,,
SmaScalping,15m,15m (2025-10-22 → 2026-03-03),35.0,8.0,2.0,20.0,True,True,41,12.2,2.33,0.31,-13.99,,
SmaScalping,15m,15m (2025-10-22 → 2026-03-03),25.0,8.0,2.0,15.0,False,False,41,12.2,2.33,0.3,-11.36,,
SmaScalping,15m,15m (2025-10-22 → 2026-03-03),25.0,6.0,1.0,0.0,False,False,39,15.4,1.81,0.29,-12.25,,
SmaScalping,15m,15m (2025-10-22 → 2026-03-03),30.0,6.0,1.0,15.0,False,False,26,15.4,1.2,0.29,-13.13,,
SmaScalping,5m,5m (2026-01-14 → 2026-03-03),35.0,3.0,2.0,0.0,False,True,65,26.2,2.03,0.28,-9.08,,
SmaScalping,5m,5m (2026-01-14 → 2026-03-03),35.0,8.0,2.0,0.0,False,False,33,12.1,1.65,0.27,-13.13,,
SmaScalping,5m,5m (2026-01-14 → 2026-03-03),35.0,8.0,2.0,0.0,True,False,33,12.1,1.65,0.27,-13.99,,
SmaScalping,5m,5m (2026-01-14 → 2026-03-03),25.0,5.0,2.0,20.0,True,False,62,17.7,2.44,0.27,-18.33,,
SmaScalping,15m,15m (2025-10-22 → 2026-03-03),35.0,4.0,1.0,0.0,False,True,57,21.1,1.86,0.26,-12.25,,
SmaScalping,15m,15m (2025-10-22 → 2026-03-03),30.0,5.0,2.0,20.0,False,False,68,17.6,2.29,0.24,-19.5,,
SmaScalping,15m,15m (2025-10-22 → 2026-03-03),25.0,3.0,2.0,15.0,True,False,73,26.0,1.91,0.24,-10.63,,
SmaScalping,15m,15m (2025-10-22 → 2026-03-03),25.0,4.0,2.0,15.0,False,False,81,21.0,2.38,0.23,-10.73,,
SmaScalping,15m,15m (2025-10-22 → 2026-03-03),35.0,4.0,1.0,0.0,True,True,62,21.0,1.76,0.23,-12.33,,
SmaScalping,15m,15m (2025-10-22 → 2026-03-03),35.0,5.0,2.0,15.0,False,False,57,17.5,1.57,0.2,-13.25,,
SmaScalping,15m,15m (2025-10-22 → 2026-03-03),25.0,3.0,2.0,20.0,False,True,112,25.9,2.33,0.2,-19.46,,
SmaScalping,5m,5m (2026-01-14 → 2026-03-03),25.0,4.0,1.0,20.0,True,False,67,20.9,1.66,0.19,-16.63,,
SmaScalping,5m,5m (2026-01-14 → 2026-03-03),25.0,4.0,2.0,15.0,True,True,134,20.9,3.34,0.19,-19.03,,
SmaScalping,5m,5m (2026-01-14 → 2026-03-03),30.0,5.0,2.0,15.0,False,False,57,17.5,1.57,0.18,-20.64,,
SmaScalping,5m,5m (2026-01-14 → 2026-03-03),25.0,3.0,2.0,15.0,True,True,143,25.9,2.87,0.18,-17.38,,
SmaScalping,15m,15m (2025-10-22 → 2026-03-03),25.0,5.0,2.0,20.0,False,True,80,17.5,1.99,0.17,-21.55,,
SmaScalping,5m,5m (2026-01-14 → 2026-03-03),30.0,6.0,1.0,20.0,True,False,53,15.1,1.4,0.17,-15.71,,
SmaScalping,15m,15m (2025-10-22 → 2026-03-03),35.0,3.0,1.0,0.0,False,True,62,25.8,1.07,0.16,-12.25,,
SmaScalping,15m,15m (2025-10-22 → 2026-03-03),25.0,8.0,1.0,15.0,False,True,42,11.9,1.3,0.16,-21.43,,
SmaScalping,5m,5m (2026-01-14 → 2026-03-03),25.0,5.0,1.0,20.0,True,False,63,17.5,1.42,0.15,-19.15,,
SmaScalping,5m,5m (2026-01-14 → 2026-03-03),25.0,5.0,2.0,0.0,True,True,126,17.5,2.85,0.15,-24.75,,
SmaScalping,15m,15m (2025-10-22 → 2026-03-03),35.0,3.0,1.0,0.0,True,True,66,25.8,1.01,0.14,-12.3,,
SmaScalping,5m,5m (2026-01-14 → 2026-03-03),35.0,3.0,2.0,20.0,True,True,66,25.8,1.01,0.14,-9.83,,
SmaScalping,5m,5m (2026-01-14 → 2026-03-03),30.0,5.0,1.0,20.0,True,True,69,17.4,1.27,0.13,-13.13,,
SmaScalping,15m,15m (2025-10-22 → 2026-03-03),25.0,4.0,1.0,0.0,False,False,82,20.7,1.36,0.13,-16.71,,
SmaScalping,15m,15m (2025-10-22 → 2026-03-03),35.0,5.0,2.0,20.0,True,True,46,17.4,0.84,0.13,-11.62,,
SmaScalping,15m,15m (2025-10-22 → 2026-03-03),30.0,3.0,1.0,0.0,False,True,70,25.7,0.95,0.12,-16.65,,
SmaScalping,5m,5m (2026-01-14 → 2026-03-03),35.0,4.0,2.0,15.0,True,True,58,20.7,0.84,0.12,-11.36,,
SmaScalping,5m,5m (2026-01-14 → 2026-03-03),30.0,3.0,2.0,20.0,False,True,113,25.7,1.31,0.11,-15.41,,
SmaScalping,5m,5m (2026-01-14 → 2026-03-03),25.0,4.0,1.0,0.0,True,True,116,20.7,1.68,0.11,-21.43,,
SmaScalping,5m,5m (2026-01-14 → 2026-03-03),30.0,4.0,2.0,15.0,True,False,58,20.7,0.84,0.11,-15.79,,
SmaScalping,15m,15m (2025-10-22 → 2026-03-03),35.0,4.0,2.0,20.0,True,False,63,20.6,0.74,0.09,-13.21,,
SmaScalping,5m,5m (2026-01-14 → 2026-03-03),30.0,4.0,2.0,15.0,False,False,63,20.6,0.74,0.09,-15.71,,
SmaScalping,15m,15m (2025-10-22 → 2026-03-03),30.0,5.0,2.0,0.0,True,False,58,17.2,0.55,0.07,-16.67,,
SmaScalping,15m,15m (2025-10-22 → 2026-03-03),35.0,5.0,1.0,20.0,True,True,58,17.2,0.55,0.07,-17.74,,
SmaScalping,5m,5m (2026-01-14 → 2026-03-03),25.0,4.0,2.0,0.0,True,False,68,20.6,0.64,0.07,-17.46,,
SmaScalping,15m,15m (2025-10-22 → 2026-03-03),30.0,3.0,2.0,20.0,False,False,94,25.5,0.59,0.06,-17.87,,
SmaScalping,5m,5m (2026-01-14 → 2026-03-03),35.0,6.0,1.0,15.0,True,True,54,14.8,0.38,0.05,-13.13,,
SmaScalping,5m,5m (2026-01-14 → 2026-03-03),25.0,3.0,1.0,15.0,True,True,98,25.5,0.53,0.05,-17.38,,
SmaScalping,15m,15m (2025-10-22 → 2026-03-03),35.0,8.0,1.0,0.0,False,True,43,11.6,0.29,0.04,-19.03,,
SmaScalping,15m,15m (2025-10-22 → 2026-03-03),25.0,4.0,1.0,15.0,False,False,78,20.5,0.44,0.04,-11.45,,
SmaScalping,5m,5m (2026-01-14 → 2026-03-03),35.0,4.0,2.0,0.0,True,False,39,20.5,0.22,0.04,-11.36,,
SmaScalping,5m,5m (2026-01-14 → 2026-03-03),25.0,5.0,2.0,0.0,False,False,64,17.2,0.4,0.04,-18.33,,
SmaScalping,5m,5m (2026-01-14 → 2026-03-03),30.0,6.0,1.0,0.0,True,True,81,14.8,0.58,0.04,-24.53,,
SmaScalping,15m,15m (2025-10-22 → 2026-03-03),35.0,3.0,2.0,0.0,True,True,55,25.5,0.18,0.03,-11.78,,
SmaScalping,15m,15m (2025-10-22 → 2026-03-03),25.0,3.0,2.0,20.0,False,False,114,25.4,0.29,0.03,-26.86,,
SmaScalping,15m,15m (2025-10-22 → 2026-03-03),35.0,3.0,2.0,20.0,False,True,55,25.5,0.18,0.03,-11.78,,
SmaScalping,5m,5m (2026-01-14 → 2026-03-03),25.0,4.0,1.0,0.0,False,True,166,20.5,0.69,0.03,-21.51,,
SmaScalping,15m,15m (2025-10-22 → 2026-03-03),30.0,6.0,2.0,15.0,True,False,61,14.8,0.18,0.02,-17.38,,
SmaScalping,15m,15m (2025-10-22 → 2026-03-03),35.0,3.0,1.0,15.0,True,False,59,25.4,0.12,0.02,-10.47,,
SmaScalping,15m,15m (2025-10-22 → 2026-03-03),30.0,6.0,2.0,15.0,False,True,61,14.8,0.18,0.02,-18.21,,
SmaScalping,5m,5m (2026-01-14 → 2026-03-03),35.0,3.0,2.0,0.0,True,True,63,25.4,0.06,0.01,-11.62,,
SmaScalping,5m,5m (2026-01-14 → 2026-03-03),30.0,4.0,1.0,15.0,False,True,93,20.4,0.15,0.01,-15.79,,
SmaScalping,5m,5m (2026-01-14 → 2026-03-03),30.0,4.0,1.0,0.0,True,True,98,20.4,0.05,0.0,-19.99,,
SmaScalping,15m,15m (2025-10-22 → 2026-03-03),25.0,3.0,1.0,15.0,True,False,75,25.3,-0.12,-0.01,-10.63,,
SmaScalping,5m,5m (2026-01-14 → 2026-03-03),25.0,8.0,1.0,0.0,True,True,78,11.5,-0.08,-0.01,-28.0,,
SmaScalping,5m,5m (2026-01-14 → 2026-03-03),35.0,4.0,2.0,20.0,True,True,59,20.3,-0.17,-0.02,-11.36,,
SmaScalping,5m,5m (2026-01-14 → 2026-03-03),25.0,4.0,2.0,20.0,False,True,113,20.4,-0.25,-0.02,-15.95,,
SmaScalping,5m,5m (2026-01-14 → 2026-03-03),35.0,4.0,1.0,15.0,False,False,59,20.3,-0.17,-0.02,-14.08,,
SmaScalping,5m,5m (2026-01-14 → 2026-03-03),35.0,6.0,1.0,15.0,True,False,41,14.6,-0.21,-0.03,-16.55,,
SmaScalping,15m,15m (2025-10-22 → 2026-03-03),35.0,4.0,2.0,20.0,False,False,69,20.3,-0.37,-0.04,-14.16,,
SmaScalping,5m,5m (2026-01-14 → 2026-03-03),25.0,4.0,2.0,0.0,True,True,133,20.3,-0.64,-0.04,-18.37,,
SmaScalping,5m,5m (2026-01-14 → 2026-03-03),35.0,4.0,1.0,0.0,False,True,69,20.3,-0.37,-0.04,-12.33,,
SmaScalping,15m,15m (2025-10-22 → 2026-03-03),25.0,8.0,2.0,20.0,False,False,61,11.5,-0.4,-0.04,-18.77,,
SmaScalping,5m,5m (2026-01-14 → 2026-03-03),25.0,4.0,1.0,20.0,False,False,74,20.3,-0.46,-0.05,-16.55,,
SmaScalping,5m,5m (2026-01-14 → 2026-03-03),35.0,6.0,1.0,0.0,True,False,48,14.6,-0.42,-0.05,-18.21,,
SmaScalping,5m,5m (2026-01-14 → 2026-03-03),25.0,5.0,2.0,15.0,False,True,112,17.0,-0.76,-0.05,-23.56,,
SmaScalping,15m,15m (2025-10-22 → 2026-03-03),35.0,6.0,2.0,0.0,True,False,48,14.6,-0.42,-0.06,-10.65,,
SmaScalping,15m,15m (2025-10-22 → 2026-03-03),25.0,6.0,2.0,0.0,False,False,48,14.6,-0.42,-0.06,-14.34,,
SmaScalping,5m,5m (2026-01-14 → 2026-03-03),35.0,8.0,2.0,20.0,False,False,35,11.4,-0.37,-0.06,-13.99,,
SmaScalping,15m,15m (2025-10-22 → 2026-03-03),25.0,5.0,1.0,0.0,False,False,59,16.9,-0.46,-0.06,-15.1,,
SmaScalping,15m,15m (2025-10-22 → 2026-03-03),30.0,6.0,2.0,0.0,True,False,55,14.5,-0.62,-0.07,-17.38,,
SmaScalping,5m,5m (2026-01-14 → 2026-03-03),30.0,3.0,2.0,15.0,False,True,127,25.2,-0.89,-0.07,-16.35,,
SmaScalping,15m,15m (2025-10-22 → 2026-03-03),30.0,4.0,2.0,20.0,False,False,99,20.2,-0.95,-0.08,-21.97,,
SmaScalping,15m,15m (2025-10-22 → 2026-03-03),35.0,8.0,2.0,15.0,True,True,44,11.4,-0.71,-0.09,-14.85,,
SmaScalping,5m,5m (2026-01-14 → 2026-03-03),35.0,8.0,1.0,15.0,False,False,44,11.4,-0.71,-0.09,-14.85,,
SmaScalping,15m,15m (2025-10-22 → 2026-03-03),35.0,8.0,2.0,0.0,True,True,44,11.4,-0.71,-0.09,-15.71,,
SmaScalping,5m,5m (2026-01-14 → 2026-03-03),35.0,8.0,1.0,15.0,True,False,44,11.4,-0.71,-0.09,-14.85,,
SmaScalping,5m,5m (2026-01-14 → 2026-03-03),30.0,6.0,1.0,15.0,True,True,69,14.5,-1.02,-0.1,-19.84,,
SmaScalping,5m,5m (2026-01-14 → 2026-03-03),25.0,4.0,1.0,15.0,False,True,154,20.1,-2.01,-0.11,-19.27,,
SmaScalping,15m,15m (2025-10-22 → 2026-03-03),25.0,8.0,2.0,0.0,True,True,71,11.3,-1.73,-0.13,-18.23,,
SmaScalping,15m,15m (2025-10-22 → 2026-03-03),35.0,3.0,2.0,15.0,True,True,56,25.0,-0.83,-0.14,-12.66,,
SmaScalping,15m,15m (2025-10-22 → 2026-03-03),35.0,3.0,2.0,20.0,True,True,52,25.0,-0.77,-0.14,-12.61,,
SmaScalping,15m,15m (2025-10-22 → 2026-03-03),35.0,3.0,1.0,20.0,False,False,76,25.0,-1.12,-0.14,-16.89,,
SmaScalping,15m,15m (2025-10-22 → 2026-03-03),30.0,3.0,2.0,0.0,False,True,96,25.0,-1.41,-0.14,-26.12,,
SmaScalping,5m,5m (2026-01-14 → 2026-03-03),30.0,4.0,1.0,15.0,False,False,70,20.0,-1.36,-0.15,-19.03,,
SmaScalping,5m,5m (2026-01-14 → 2026-03-03),25.0,8.0,1.0,15.0,True,True,80,11.2,-2.07,-0.15,-26.54,,
SmaScalping,5m,5m (2026-01-14 → 2026-03-03),30.0,4.0,2.0,0.0,False,False,60,20.0,-1.17,-0.16,-16.55,,
SmaScalping,15m,15m (2025-10-22 → 2026-03-03),25.0,5.0,2.0,0.0,False,False,54,16.7,-1.31,-0.18,-18.45,,
SmaScalping,15m,15m (2025-10-22 → 2026-03-03),35.0,6.0,1.0,15.0,True,False,42,14.3,-1.21,-0.18,-14.52,,
SmaScalping,15m,15m (2025-10-22 → 2026-03-03),30.0,5.0,1.0,20.0,False,False,84,16.7,-2.03,-0.18,-22.67,,
SmaScalping,5m,5m (2026-01-14 → 2026-03-03),35.0,6.0,1.0,15.0,False,False,42,14.3,-1.21,-0.19,-16.55,,
SmaScalping,15m,15m (2025-10-22 → 2026-03-03),30.0,5.0,1.0,15.0,True,True,48,16.7,-1.16,-0.19,-23.0,,
SmaScalping,5m,5m (2026-01-14 → 2026-03-03),30.0,3.0,1.0,0.0,True,True,121,24.8,-2.74,-0.2,-19.46,,
SmaScalping,5m,5m (2026-01-14 → 2026-03-03),30.0,3.0,1.0,15.0,False,True,101,24.8,-2.45,-0.22,-13.18,,
SmaScalping,15m,15m (2025-10-22 → 2026-03-03),35.0,8.0,1.0,15.0,False,True,45,11.1,-1.71,-0.22,-18.21,,
SmaScalping,5m,5m (2026-01-14 → 2026-03-03),35.0,8.0,1.0,20.0,False,False,45,11.1,-1.71,-0.23,-18.49,,
SmaScalping,15m,15m (2025-10-22 → 2026-03-03),25.0,4.0,1.0,15.0,True,True,86,19.8,-2.64,-0.25,-17.63,,
SmaScalping,5m,5m (2026-01-14 → 2026-03-03),25.0,4.0,1.0,15.0,False,False,86,19.8,-2.64,-0.25,-19.84,,
SmaScalping,5m,5m (2026-01-14 → 2026-03-03),25.0,3.0,2.0,0.0,True,True,158,24.7,-4.23,-0.25,-23.54,,
SmaScalping,15m,15m (2025-10-22 → 2026-03-03),25.0,6.0,2.0,15.0,True,True,85,14.1,-3.39,-0.27,-18.05,,
SmaScalping,5m,5m (2026-01-14 → 2026-03-03),35.0,4.0,1.0,15.0,True,False,56,19.6,-2.06,-0.28,-17.38,,
SmaScalping,5m,5m (2026-01-14 → 2026-03-03),25.0,4.0,2.0,15.0,False,True,132,19.7,-4.46,-0.28,-18.21,,
SmaScalping,5m,5m (2026-01-14 → 2026-03-03),30.0,4.0,2.0,0.0,True,False,56,19.6,-2.06,-0.29,-17.46,,
SmaScalping,5m,5m (2026-01-14 → 2026-03-03),30.0,5.0,1.0,15.0,True,False,55,16.4,-2.29,-0.3,-22.22,,
SmaScalping,5m,5m (2026-01-14 → 2026-03-03),30.0,5.0,2.0,15.0,True,False,49,16.3,-2.15,-0.31,-19.84,,
SmaScalping,15m,15m (2025-10-22 → 2026-03-03),25.0,3.0,2.0,15.0,True,True,122,24.6,-3.72,-0.31,-30.44,,
SmaScalping,5m,5m (2026-01-14 → 2026-03-03),35.0,4.0,2.0,0.0,False,True,61,19.7,-2.16,-0.31,-14.25,,
SmaScalping,5m,5m (2026-01-14 → 2026-03-03),35.0,6.0,1.0,0.0,False,False,50,14.0,-2.4,-0.31,-19.03,,
SmaScalping,15m,15m (2025-10-22 → 2026-03-03),35.0,4.0,2.0,0.0,True,True,51,19.6,-1.97,-0.31,-11.54,,
SmaScalping,5m,5m (2026-01-14 → 2026-03-03),25.0,5.0,1.0,0.0,False,True,135,16.3,-6.04,-0.32,-26.37,,
SmaScalping,15m,15m (2025-10-22 → 2026-03-03),35.0,6.0,2.0,15.0,True,False,50,14.0,-2.4,-0.32,-11.9,,
SmaScalping,5m,5m (2026-01-14 → 2026-03-03),25.0,8.0,2.0,0.0,False,False,55,10.9,-3.02,-0.33,-21.18,,
SmaScalping,5m,5m (2026-01-14 → 2026-03-03),35.0,6.0,2.0,15.0,False,True,50,14.0,-2.4,-0.34,-14.34,,
SmaScalping,5m,5m (2026-01-14 → 2026-03-03),35.0,8.0,1.0,0.0,True,False,46,10.9,-2.69,-0.34,-16.55,,
SmaScalping,5m,5m (2026-01-14 → 2026-03-03),35.0,3.0,1.0,0.0,True,True,82,24.4,-3.14,-0.35,-17.38,,
SmaScalping,5m,5m (2026-01-14 → 2026-03-03),30.0,3.0,1.0,20.0,False,True,90,24.4,-3.26,-0.35,-13.23,,
SmaScalping,5m,5m (2026-01-14 → 2026-03-03),25.0,5.0,1.0,0.0,True,True,123,16.3,-5.77,-0.35,-22.46,,
SmaScalping,5m,5m (2026-01-14 → 2026-03-03),30.0,3.0,2.0,20.0,False,False,70,24.3,-2.97,-0.38,-16.6,,
SmaScalping,15m,15m (2025-10-22 → 2026-03-03),25.0,3.0,1.0,20.0,False,True,123,24.4,-4.68,-0.38,-21.99,,
SmaScalping,5m,5m (2026-01-14 → 2026-03-03),25.0,4.0,2.0,20.0,True,True,113,19.5,-5.04,-0.39,-17.71,,
SmaScalping,15m,15m (2025-10-22 → 2026-03-03),35.0,4.0,2.0,15.0,False,False,67,19.4,-3.23,-0.39,-14.75,,
SmaScalping,5m,5m (2026-01-14 → 2026-03-03),25.0,3.0,2.0,20.0,True,False,74,24.3,-3.03,-0.39,-17.77,,
SmaScalping,5m,5m (2026-01-14 → 2026-03-03),25.0,5.0,2.0,15.0,True,True,124,16.1,-6.71,-0.39,-21.66,,
SmaScalping,5m,5m (2026-01-14 → 2026-03-03),25.0,5.0,2.0,15.0,False,False,62,16.1,-3.41,-0.4,-19.15,,
SmaScalping,5m,5m (2026-01-14 → 2026-03-03),35.0,4.0,1.0,0.0,False,False,62,19.4,-3.14,-0.4,-16.63,,
SmaScalping,15m,15m (2025-10-22 → 2026-03-03),25.0,6.0,2.0,15.0,False,True,80,13.8,-5.12,-0.41,-19.85,,
SmaScalping,15m,15m (2025-10-22 → 2026-03-03),25.0,4.0,1.0,0.0,True,False,72,19.4,-3.33,-0.41,-20.15,,
SmaScalping,5m,5m (2026-01-14 → 2026-03-03),30.0,5.0,2.0,0.0,False,False,56,16.1,-3.27,-0.41,-21.43,,
SmaScalping,15m,15m (2025-10-22 → 2026-03-03),35.0,4.0,1.0,20.0,True,True,62,19.4,-3.14,-0.42,-14.33,,
SmaScalping,15m,15m (2025-10-22 → 2026-03-03),35.0,4.0,1.0,20.0,False,True,62,19.4,-3.14,-0.42,-14.33,,
SmaScalping,5m,5m (2026-01-14 → 2026-03-03),25.0,6.0,2.0,20.0,True,False,58,13.8,-3.57,-0.42,-18.87,,
SmaScalping,15m,15m (2025-10-22 → 2026-03-03),25.0,4.0,2.0,0.0,False,False,83,19.3,-4.48,-0.43,-15.02,,
SmaScalping,5m,5m (2026-01-14 → 2026-03-03),25.0,3.0,1.0,20.0,True,True,91,24.2,-4.23,-0.45,-14.85,,
SmaScalping,5m,5m (2026-01-14 → 2026-03-03),35.0,3.0,1.0,0.0,False,True,87,24.1,-4.17,-0.45,-15.76,,
SmaScalping,5m,5m (2026-01-14 → 2026-03-03),35.0,5.0,2.0,15.0,False,True,56,16.1,-3.27,-0.46,-15.1,,
SmaScalping,5m,5m (2026-01-14 → 2026-03-03),35.0,8.0,1.0,0.0,False,False,47,10.6,-3.66,-0.46,-17.38,,
SmaScalping,15m,15m (2025-10-22 → 2026-03-03),35.0,8.0,1.0,20.0,False,True,47,10.6,-3.66,-0.47,-17.41,,
SmaScalping,15m,15m (2025-10-22 → 2026-03-03),25.0,6.0,2.0,0.0,False,True,81,13.6,-6.06,-0.47,-23.92,,
SmaScalping,5m,5m (2026-01-14 → 2026-03-03),35.0,6.0,2.0,20.0,False,True,51,13.7,-3.37,-0.47,-16.05,,
SmaScalping,15m,15m (2025-10-22 → 2026-03-03),35.0,3.0,1.0,0.0,True,False,58,24.1,-2.8,-0.47,-13.43,,
SmaScalping,15m,15m (2025-10-22 → 2026-03-03),35.0,4.0,2.0,0.0,False,True,52,19.2,-2.95,-0.47,-11.54,,
SmaScalping,15m,15m (2025-10-22 → 2026-03-03),25.0,5.0,2.0,20.0,False,False,100,16.0,-6.16,-0.48,-26.04,,
SmaScalping,15m,15m (2025-10-22 → 2026-03-03),30.0,3.0,1.0,15.0,False,True,83,24.1,-4.11,-0.48,-15.01,,
SmaScalping,5m,5m (2026-01-14 → 2026-03-03),35.0,5.0,1.0,15.0,True,False,44,15.9,-2.99,-0.49,-17.38,,
SmaScalping,5m,5m (2026-01-14 → 2026-03-03),30.0,3.0,2.0,15.0,False,False,71,23.9,-3.94,-0.5,-15.76,,
SmaScalping,5m,5m (2026-01-14 → 2026-03-03),35.0,8.0,1.0,20.0,True,True,47,10.6,-3.66,-0.5,-14.88,,
SmaScalping,5m,5m (2026-01-14 → 2026-03-03),35.0,4.0,1.0,0.0,True,True,68,19.1,-4.2,-0.5,-19.03,,
SmaScalping,15m,15m (2025-10-22 → 2026-03-03),25.0,4.0,1.0,20.0,True,False,83,19.3,-4.48,-0.5,-24.21,,
SmaScalping,15m,15m (2025-10-22 → 2026-03-03),25.0,3.0,1.0,0.0,True,False,75,24.0,-4.0,-0.51,-12.92,,
SmaScalping,5m,5m (2026-01-14 → 2026-03-03),30.0,5.0,2.0,20.0,True,True,88,15.9,-5.89,-0.52,-17.38,,
SmaScalping,15m,15m (2025-10-22 → 2026-03-03),25.0,4.0,2.0,0.0,True,False,89,19.1,-5.53,-0.52,-18.21,,
SmaScalping,5m,5m (2026-01-14 → 2026-03-03),25.0,6.0,1.0,20.0,True,False,59,13.6,-4.54,-0.53,-19.68,,
SmaScalping,5m,5m (2026-01-14 → 2026-03-03),35.0,4.0,1.0,0.0,True,False,58,19.0,-4.01,-0.54,-19.03,,
SmaScalping,5m,5m (2026-01-14 → 2026-03-03),35.0,6.0,1.0,0.0,True,True,59,13.6,-4.54,-0.55,-18.21,,
SmaScalping,15m,15m (2025-10-22 → 2026-03-03),30.0,4.0,1.0,15.0,True,True,68,19.1,-4.2,-0.55,-21.66,,
SmaScalping,5m,5m (2026-01-14 → 2026-03-03),30.0,5.0,1.0,0.0,False,False,70,15.7,-5.47,-0.55,-27.5,,
SmaScalping,5m,5m (2026-01-14 → 2026-03-03),30.0,5.0,2.0,20.0,False,True,95,15.8,-6.96,-0.56,-16.67,,
SmaScalping,5m,5m (2026-01-14 → 2026-03-03),30.0,6.0,2.0,20.0,False,False,52,13.5,-4.34,-0.57,-20.64,,
SmaScalping,5m,5m (2026-01-14 → 2026-03-03),30.0,4.0,1.0,15.0,True,True,79,19.0,-5.34,-0.58,-18.21,,
SmaScalping,5m,5m (2026-01-14 → 2026-03-03),35.0,5.0,2.0,20.0,False,True,57,15.8,-4.24,-0.58,-15.1,,
SmaScalping,5m,5m (2026-01-14 → 2026-03-03),35.0,3.0,1.0,15.0,False,False,59,23.7,-3.77,-0.59,-14.9,,
SmaScalping,15m,15m (2025-10-22 → 2026-03-03),30.0,8.0,2.0,0.0,False,False,29,10.3,-3.0,-0.59,-10.18,,
SmaScalping,5m,5m (2026-01-14 → 2026-03-03),25.0,3.0,1.0,0.0,False,False,84,23.8,-5.07,-0.59,-16.25,,
SmaScalping,15m,15m (2025-10-22 → 2026-03-03),35.0,6.0,1.0,0.0,True,False,45,13.3,-4.15,-0.6,-16.22,,
SmaScalping,5m,5m (2026-01-14 → 2026-03-03),30.0,5.0,2.0,15.0,False,True,102,15.7,-8.03,-0.6,-16.67,,
SmaScalping,5m,5m (2026-01-14 → 2026-03-03),35.0,6.0,2.0,0.0,False,True,52,13.5,-4.34,-0.61,-16.05,,
SmaScalping,5m,5m (2026-01-14 → 2026-03-03),25.0,6.0,2.0,15.0,True,True,82,13.4,-7.0,-0.61,-17.38,,
SmaScalping,15m,15m (2025-10-22 → 2026-03-03),25.0,6.0,2.0,20.0,False,True,83,13.3,-7.93,-0.62,-22.23,,
SmaScalping,15m,15m (2025-10-22 → 2026-03-03),25.0,5.0,2.0,15.0,False,False,64,15.6,-5.33,-0.62,-15.1,,
SmaScalping,5m,5m (2026-01-14 → 2026-03-03),25.0,3.0,1.0,20.0,True,False,76,23.7,-4.96,-0.64,-18.6,,
SmaScalping,5m,5m (2026-01-14 → 2026-03-03),30.0,4.0,1.0,15.0,True,False,64,18.8,-5.06,-0.64,-19.11,,
SmaScalping,15m,15m (2025-10-22 → 2026-03-03),30.0,6.0,1.0,15.0,True,False,45,13.3,-4.15,-0.64,-21.43,,
SmaScalping,5m,5m (2026-01-14 → 2026-03-03),30.0,3.0,1.0,20.0,True,False,68,23.5,-4.85,-0.66,-14.05,,
SmaScalping,15m,15m (2025-10-22 → 2026-03-03),35.0,3.0,2.0,0.0,True,False,51,23.5,-3.66,-0.67,-11.62,,
SmaScalping,15m,15m (2025-10-22 → 2026-03-03),30.0,3.0,2.0,0.0,True,True,97,23.7,-6.19,-0.67,-29.03,,
SmaScalping,5m,5m (2026-01-14 → 2026-03-03),25.0,5.0,1.0,15.0,False,True,130,15.4,-12.17,-0.69,-31.86,,
SmaScalping,5m,5m (2026-01-14 → 2026-03-03),25.0,4.0,1.0,0.0,True,False,75,18.7,-6.2,-0.69,-21.51,,
SmaScalping,15m,15m (2025-10-22 → 2026-03-03),25.0,8.0,2.0,20.0,False,True,79,10.1,-9.32,-0.71,-24.55,,
SmaScalping,5m,5m (2026-01-14 → 2026-03-03),30.0,5.0,2.0,0.0,True,False,52,15.4,-5.06,-0.71,-21.43,,
SmaScalping,15m,15m (2025-10-22 → 2026-03-03),25.0,4.0,2.0,15.0,True,True,96,18.8,-7.5,-0.71,-23.0,,
SmaScalping,15m,15m (2025-10-22 → 2026-03-03),30.0,6.0,2.0,15.0,True,True,83,13.3,-7.93,-0.72,-31.2,,
SmaScalping,15m,15m (2025-10-22 → 2026-03-03),25.0,4.0,2.0,20.0,False,False,123,18.7,-9.78,-0.74,-29.57,,
SmaScalping,5m,5m (2026-01-14 → 2026-03-03),30.0,6.0,1.0,20.0,False,True,76,13.2,-7.75,-0.74,-19.03,,
SmaScalping,5m,5m (2026-01-14 → 2026-03-03),35.0,8.0,2.0,15.0,False,True,49,10.2,-5.58,-0.74,-19.31,,
SmaScalping,5m,5m (2026-01-14 → 2026-03-03),30.0,3.0,1.0,20.0,False,False,73,23.3,-5.85,-0.75,-16.6,,
SmaScalping,5m,5m (2026-01-14 → 2026-03-03),25.0,4.0,2.0,0.0,False,True,129,18.6,-10.77,-0.75,-22.29,,
SmaScalping,15m,15m (2025-10-22 → 2026-03-03),30.0,5.0,2.0,15.0,False,True,65,15.4,-6.28,-0.75,-18.21,,
SmaScalping,5m,5m (2026-01-14 → 2026-03-03),30.0,6.0,1.0,0.0,False,True,92,13.0,-9.95,-0.75,-26.03,,
SmaScalping,5m,5m (2026-01-14 → 2026-03-03),35.0,4.0,2.0,0.0,True,True,59,18.6,-4.97,-0.76,-12.93,,
SmaScalping,15m,15m (2025-10-22 → 2026-03-03),25.0,3.0,1.0,15.0,False,True,120,23.3,-9.24,-0.76,-20.22,,
SmaScalping,5m,5m (2026-01-14 → 2026-03-03),25.0,3.0,2.0,15.0,True,False,73,23.3,-5.85,-0.77,-19.08,,
SmaScalping,5m,5m (2026-01-14 → 2026-03-03),30.0,3.0,2.0,0.0,False,True,128,23.4,-9.35,-0.77,-17.97,,
SmaScalping,5m,5m (2026-01-14 → 2026-03-03),35.0,5.0,1.0,0.0,True,False,46,15.2,-4.92,-0.78,-19.03,,
SmaScalping,5m,5m (2026-01-14 → 2026-03-03),35.0,6.0,1.0,15.0,False,True,61,13.1,-6.44,-0.78,-16.55,,
SmaScalping,5m,5m (2026-01-14 → 2026-03-03),35.0,3.0,1.0,15.0,True,False,56,23.2,-4.68,-0.78,-16.55,,
SmaScalping,15m,15m (2025-10-22 → 2026-03-03),25.0,4.0,2.0,15.0,False,True,92,18.5,-8.33,-0.78,-18.51,,
SmaScalping,15m,15m (2025-10-22 → 2026-03-03),35.0,3.0,2.0,0.0,False,False,56,23.2,-4.68,-0.79,-11.68,,
SmaScalping,15m,15m (2025-10-22 → 2026-03-03),25.0,3.0,1.0,15.0,True,True,120,23.3,-9.24,-0.8,-25.37,,
SmaScalping,5m,5m (2026-01-14 → 2026-03-03),30.0,5.0,1.0,20.0,False,True,85,15.3,-8.55,-0.81,-19.03,,
SmaScalping,5m,5m (2026-01-14 → 2026-03-03),25.0,5.0,2.0,20.0,False,False,66,15.2,-7.22,-0.81,-25.28,,
SmaScalping,5m,5m (2026-01-14 → 2026-03-03),25.0,3.0,2.0,0.0,True,False,82,23.2,-6.91,-0.83,-21.01,,
SmaScalping,5m,5m (2026-01-14 → 2026-03-03),30.0,3.0,2.0,20.0,True,False,65,23.1,-5.74,-0.83,-14.05,,
SmaScalping,15m,15m (2025-10-22 → 2026-03-03),35.0,4.0,2.0,15.0,True,False,60,18.3,-5.92,-0.84,-17.12,,
SmaScalping,5m,5m (2026-01-14 → 2026-03-03),35.0,5.0,1.0,15.0,False,True,59,15.3,-6.14,-0.84,-13.99,,
SmaScalping,15m,15m (2025-10-22 → 2026-03-03),25.0,3.0,2.0,0.0,False,True,117,23.1,-10.1,-0.84,-20.78,,
SmaScalping,15m,15m (2025-10-22 → 2026-03-03),25.0,3.0,1.0,0.0,False,True,130,23.1,-11.15,-0.85,-22.45,,
SmaScalping,15m,15m (2025-10-22 → 2026-03-03),30.0,6.0,1.0,0.0,False,True,31,12.9,-3.76,-0.86,-16.55,,
SmaScalping,5m,5m (2026-01-14 → 2026-03-03),35.0,6.0,2.0,15.0,True,True,54,13.0,-6.24,-0.86,-17.72,,
SmaScalping,5m,5m (2026-01-14 → 2026-03-03),35.0,8.0,2.0,20.0,False,True,50,10.0,-6.52,-0.87,-20.11,,
SmaScalping,15m,15m (2025-10-22 → 2026-03-03),35.0,3.0,1.0,20.0,True,False,78,23.1,-6.85,-0.87,-19.41,,
SmaScalping,5m,5m (2026-01-14 → 2026-03-03),35.0,8.0,2.0,0.0,False,True,50,10.0,-6.52,-0.87,-20.91,,
SmaScalping,5m,5m (2026-01-14 → 2026-03-03),30.0,4.0,1.0,0.0,False,True,104,18.3,-10.33,-0.88,-22.37,,
SmaScalping,5m,5m (2026-01-14 → 2026-03-03),35.0,6.0,1.0,0.0,False,True,62,12.9,-7.37,-0.89,-18.21,,
SmaScalping,5m,5m (2026-01-14 → 2026-03-03),30.0,6.0,2.0,20.0,False,True,86,12.8,-10.67,-0.89,-15.88,,
SmaScalping,15m,15m (2025-10-22 → 2026-03-03),25.0,8.0,1.0,20.0,True,False,80,10.0,-10.23,-0.91,-34.66,,
SmaScalping,15m,15m (2025-10-22 → 2026-03-03),30.0,3.0,1.0,0.0,True,False,70,22.9,-6.74,-0.91,-14.55,,
SmaScalping,15m,15m (2025-10-22 → 2026-03-03),30.0,4.0,1.0,20.0,False,True,83,18.1,-9.07,-0.92,-19.17,,
SmaScalping,15m,15m (2025-10-22 → 2026-03-03),30.0,5.0,1.0,20.0,True,True,73,15.1,-8.28,-0.92,-23.11,,
SmaScalping,5m,5m (2026-01-14 → 2026-03-03),30.0,6.0,1.0,20.0,False,False,55,12.7,-7.18,-0.93,-22.69,,
SmaScalping,15m,15m (2025-10-22 → 2026-03-03),35.0,5.0,1.0,15.0,True,False,60,15.0,-7.08,-0.93,-16.67,,
SmaScalping,5m,5m (2026-01-14 → 2026-03-03),25.0,3.0,1.0,15.0,False,True,152,23.0,-13.18,-0.93,-20.12,,
SmaScalping,5m,5m (2026-01-14 → 2026-03-03),30.0,8.0,1.0,20.0,True,True,61,9.8,-8.7,-0.93,-15.71,,
SmaScalping,5m,5m (2026-01-14 → 2026-03-03),30.0,4.0,1.0,0.0,False,False,78,17.9,-8.98,-0.94,-23.15,,
SmaScalping,5m,5m (2026-01-14 → 2026-03-03),30.0,3.0,2.0,15.0,True,False,66,22.7,-6.68,-0.96,-16.6,,
SmaScalping,5m,5m (2026-01-14 → 2026-03-03),35.0,5.0,2.0,15.0,True,True,60,15.0,-7.08,-0.96,-19.26,,
SmaScalping,15m,15m (2025-10-22 → 2026-03-03),30.0,8.0,1.0,0.0,False,True,31,9.7,-4.93,-0.97,-16.55,,
SmaScalping,5m,5m (2026-01-14 → 2026-03-03),35.0,6.0,2.0,20.0,True,True,55,12.7,-7.18,-0.97,-19.36,,
SmaScalping,5m,5m (2026-01-14 → 2026-03-03),35.0,5.0,1.0,0.0,False,True,60,15.0,-7.08,-0.98,-14.85,,
SmaScalping,5m,5m (2026-01-14 → 2026-03-03),25.0,8.0,2.0,15.0,False,True,84,9.5,-13.77,-1.0,-35.31,,
SmaScalping,5m,5m (2026-01-14 → 2026-03-03),25.0,3.0,1.0,15.0,True,False,75,22.7,-7.73,-1.01,-19.88,,
SmaScalping,5m,5m (2026-01-14 → 2026-03-03),30.0,6.0,1.0,0.0,True,False,64,12.5,-9.21,-1.02,-26.77,,
SmaScalping,5m,5m (2026-01-14 → 2026-03-03),25.0,5.0,2.0,20.0,True,True,114,14.9,-13.54,-1.03,-18.45,,
SmaScalping,15m,15m (2025-10-22 → 2026-03-03),30.0,8.0,1.0,15.0,False,True,21,9.5,-3.64,-1.03,-10.77,,
SmaScalping,15m,15m (2025-10-22 → 2026-03-03),35.0,4.0,2.0,15.0,False,True,56,17.9,-6.77,-1.04,-14.58,,
SmaScalping,5m,5m (2026-01-14 → 2026-03-03),25.0,5.0,2.0,0.0,True,False,61,14.8,-8.01,-1.04,-23.0,,
SmaScalping,5m,5m (2026-01-14 → 2026-03-03),30.0,5.0,2.0,0.0,False,True,102,14.7,-13.28,-1.05,-20.64,,
SmaScalping,15m,15m (2025-10-22 → 2026-03-03),30.0,3.0,1.0,15.0,True,True,88,22.7,-8.81,-1.05,-23.9,,
SmaScalping,5m,5m (2026-01-14 → 2026-03-03),25.0,5.0,1.0,15.0,False,False,68,14.7,-9.06,-1.05,-20.42,,
SmaScalping,5m,5m (2026-01-14 → 2026-03-03),35.0,5.0,2.0,20.0,True,True,61,14.8,-8.01,-1.07,-19.26,,
SmaScalping,15m,15m (2025-10-22 → 2026-03-03),25.0,5.0,1.0,15.0,False,True,55,14.5,-7.88,-1.07,-23.88,,
SmaScalping,15m,15m (2025-10-22 → 2026-03-03),30.0,6.0,1.0,0.0,False,False,32,12.5,-4.72,-1.07,-17.38,,
SmaScalping,15m,15m (2025-10-22 → 2026-03-03),35.0,8.0,1.0,20.0,False,False,42,9.5,-7.14,-1.07,-19.58,,
SmaScalping,15m,15m (2025-10-22 → 2026-03-03),35.0,3.0,2.0,20.0,True,False,67,22.4,-7.62,-1.08,-17.04,,
SmaScalping,15m,15m (2025-10-22 → 2026-03-03),25.0,3.0,1.0,20.0,True,True,137,22.6,-13.84,-1.08,-24.71,,
SmaScalping,5m,5m (2026-01-14 → 2026-03-03),30.0,3.0,2.0,0.0,False,False,76,22.4,-8.65,-1.09,-16.7,,
SmaScalping,5m,5m (2026-01-14 → 2026-03-03),25.0,3.0,2.0,15.0,False,True,143,22.4,-15.61,-1.1,-22.08,,
SmaScalping,15m,15m (2025-10-22 → 2026-03-03),25.0,4.0,1.0,15.0,False,True,96,17.7,-11.95,-1.1,-22.43,,
SmaScalping,5m,5m (2026-01-14 → 2026-03-03),35.0,6.0,2.0,0.0,True,True,56,12.5,-8.11,-1.1,-19.36,,
SmaScalping,15m,15m (2025-10-22 → 2026-03-03),25.0,6.0,2.0,20.0,True,False,103,12.6,-13.67,-1.1,-33.91,,
SmaScalping,5m,5m (2026-01-14 → 2026-03-03),30.0,5.0,1.0,15.0,True,True,75,14.7,-10.11,-1.1,-17.38,,
SmaScalping,15m,15m (2025-10-22 → 2026-03-03),30.0,5.0,1.0,20.0,True,False,88,14.8,-11.26,-1.11,-28.33,,
SmaScalping,5m,5m (2026-01-14 → 2026-03-03),25.0,3.0,2.0,0.0,False,True,156,22.4,-16.6,-1.12,-28.1,,
SmaScalping,15m,15m (2025-10-22 → 2026-03-03),35.0,3.0,1.0,20.0,True,True,71,22.5,-7.67,-1.12,-16.89,,
SmaScalping,5m,5m (2026-01-14 → 2026-03-03),30.0,5.0,1.0,15.0,False,True,89,14.6,-12.15,-1.12,-21.78,,
SmaScalping,5m,5m (2026-01-14 → 2026-03-03),25.0,5.0,1.0,20.0,False,True,124,14.5,-17.06,-1.13,-29.67,,
SmaScalping,15m,15m (2025-10-22 → 2026-03-03),30.0,6.0,2.0,20.0,False,True,65,12.3,-10.12,-1.14,-19.36,,
SmaScalping,15m,15m (2025-10-22 → 2026-03-03),25.0,4.0,2.0,20.0,True,False,95,17.9,-11.06,-1.15,-26.46,,
SmaScalping,15m,15m (2025-10-22 → 2026-03-03),30.0,8.0,1.0,0.0,False,False,32,9.4,-5.88,-1.15,-17.38,,
SmaScalping,15m,15m (2025-10-22 → 2026-03-03),25.0,8.0,2.0,20.0,True,False,83,9.6,-12.9,-1.15,-36.6,,
SmaScalping,5m,5m (2026-01-14 → 2026-03-03),30.0,3.0,2.0,20.0,True,True,102,22.5,-10.79,-1.15,-20.22,,
SmaScalping,5m,5m (2026-01-14 → 2026-03-03),35.0,3.0,1.0,0.0,False,False,63,22.2,-7.56,-1.16,-17.43,,
SmaScalping,15m,15m (2025-10-22 → 2026-03-03),30.0,5.0,2.0,20.0,False,True,69,14.5,-9.97,-1.17,-18.34,,
SmaScalping,15m,15m (2025-10-22 → 2026-03-03),25.0,8.0,1.0,0.0,True,False,43,9.3,-8.07,-1.18,-22.49,,
SmaScalping,15m,15m (2025-10-22 → 2026-03-03),30.0,6.0,1.0,20.0,False,False,66,12.1,-11.02,-1.19,-26.33,,
SmaScalping,5m,5m (2026-01-14 → 2026-03-03),25.0,3.0,2.0,20.0,True,True,138,22.5,-14.71,-1.19,-20.07,,
SmaScalping,5m,5m (2026-01-14 → 2026-03-03),30.0,4.0,1.0,0.0,True,False,69,17.4,-9.72,-1.19,-22.29,,
SmaScalping,5m,5m (2026-01-14 → 2026-03-03),30.0,4.0,2.0,15.0,False,True,91,17.6,-11.86,-1.2,-16.63,,
SmaScalping,15m,15m (2025-10-22 → 2026-03-03),25.0,6.0,1.0,0.0,False,True,66,12.1,-11.02,-1.2,-29.8,,
SmaScalping,5m,5m (2026-01-14 → 2026-03-03),35.0,8.0,2.0,15.0,True,True,53,9.4,-9.3,-1.21,-22.49,,
SmaScalping,5m,5m (2026-01-14 → 2026-03-03),30.0,3.0,2.0,15.0,True,True,116,22.4,-12.72,-1.23,-21.25,,
SmaScalping,5m,5m (2026-01-14 → 2026-03-03),35.0,3.0,1.0,0.0,True,False,59,22.0,-7.51,-1.23,-18.21,,
SmaScalping,5m,5m (2026-01-14 → 2026-03-03),25.0,8.0,1.0,20.0,False,False,65,9.2,-12.3,-1.25,-28.72,,
SmaScalping,5m,5m (2026-01-14 → 2026-03-03),25.0,3.0,2.0,0.0,False,False,77,22.1,-9.56,-1.26,-16.7,,
PVTScalping,1h,1H (Feb 2025+),,1.5,,,,,134,36.6,-11.73,-1.27,-18.0,0.05,2.0
SmaScalping,15m,15m (2025-10-22 → 2026-03-03),35.0,4.0,2.0,20.0,False,True,52,17.3,-7.61,-1.29,-15.35,,
SmaScalping,5m,5m (2026-01-14 → 2026-03-03),25.0,6.0,2.0,20.0,False,True,92,12.0,-15.9,-1.29,-32.7,,
SmaScalping,15m,15m (2025-10-22 → 2026-03-03),35.0,8.0,1.0,0.0,False,False,33,9.1,-6.82,-1.3,-13.72,,
SmaScalping,5m,5m (2026-01-14 → 2026-03-03),30.0,6.0,1.0,15.0,False,True,83,12.0,-14.01,-1.3,-23.46,,
PVTScalping,1h,1H (Feb 2025+),,3.5,,,,,77,19.5,-10.16,-1.3,-18.68,0.05,2.0
SmaScalping,15m,15m (2025-10-22 → 2026-03-03),30.0,3.0,2.0,15.0,True,True,99,22.2,-11.63,-1.31,-33.14,,
SmaScalping,5m,5m (2026-01-14 → 2026-03-03),25.0,6.0,1.0,20.0,False,True,100,12.0,-16.91,-1.31,-36.64,,
SmaScalping,5m,5m (2026-01-14 → 2026-03-03),35.0,5.0,1.0,15.0,True,True,56,14.3,-8.8,-1.31,-13.99,,
SmaScalping,5m,5m (2026-01-14 → 2026-03-03),30.0,5.0,2.0,15.0,True,True,91,14.3,-13.9,-1.32,-18.21,,
SmaScalping,5m,5m (2026-01-14 → 2026-03-03),30.0,8.0,1.0,15.0,True,True,66,9.1,-13.17,-1.32,-21.18,,
SmaScalping,5m,5m (2026-01-14 → 2026-03-03),30.0,6.0,2.0,15.0,False,True,92,12.0,-15.9,-1.32,-19.04,,
SmaScalping,5m,5m (2026-01-14 → 2026-03-03),30.0,3.0,1.0,15.0,True,False,69,21.7,-9.46,-1.32,-17.43,,
SmaScalping,5m,5m (2026-01-14 → 2026-03-03),30.0,3.0,1.0,0.0,False,True,123,22.0,-15.36,-1.32,-20.12,,
SmaScalping,5m,5m (2026-01-14 → 2026-03-03),35.0,8.0,2.0,0.0,True,True,54,9.3,-10.21,-1.32,-24.03,,
SmaScalping,5m,5m (2026-01-14 → 2026-03-03),35.0,8.0,2.0,20.0,True,True,54,9.3,-10.21,-1.32,-23.26,,
SmaScalping,5m,5m (2026-01-14 → 2026-03-03),25.0,8.0,2.0,20.0,False,False,66,9.1,-13.17,-1.33,-30.84,,
SmaScalping,5m,5m (2026-01-14 → 2026-03-03),35.0,8.0,1.0,20.0,False,True,54,9.3,-10.21,-1.34,-20.66,,
SmaScalping,5m,5m (2026-01-14 → 2026-03-03),30.0,4.0,2.0,0.0,False,True,87,17.2,-12.66,-1.34,-18.69,,
SmaScalping,15m,15m (2025-10-22 → 2026-03-03),25.0,6.0,2.0,15.0,False,False,42,11.9,-7.74,-1.34,-17.55,,
SmaScalping,5m,5m (2026-01-14 → 2026-03-03),25.0,3.0,1.0,20.0,False,False,87,21.8,-11.47,-1.34,-21.9,,
PVTScalping,1h,1H (Feb 2025+),,2.0,,,,,114,29.8,-12.26,-1.35,-18.02,0.1,3.0
SmaScalping,15m,15m (2025-10-22 → 2026-03-03),25.0,8.0,1.0,20.0,True,True,87,9.2,-16.33,-1.35,-29.66,,
SmaScalping,15m,15m (2025-10-22 → 2026-03-03),25.0,5.0,1.0,20.0,True,False,111,14.4,-15.98,-1.36,-32.53,,
SmaScalping,5m,5m (2026-01-14 → 2026-03-03),25.0,6.0,2.0,0.0,True,False,59,11.9,-10.84,-1.37,-24.53,,
SmaScalping,15m,15m (2025-10-22 → 2026-03-03),35.0,8.0,2.0,0.0,False,False,44,9.1,-8.99,-1.37,-21.18,,
SmaScalping,5m,5m (2026-01-14 → 2026-03-03),30.0,3.0,1.0,15.0,False,False,74,21.6,-10.41,-1.37,-17.48,,
SmaScalping,15m,15m (2025-10-22 → 2026-03-03),35.0,8.0,2.0,15.0,False,False,44,9.1,-8.99,-1.37,-21.18,,
SmaScalping,5m,5m (2026-01-14 → 2026-03-03),30.0,8.0,2.0,20.0,True,True,77,9.1,-15.19,-1.39,-18.21,,
PVTScalping,1h,1H (Feb 2025+),,1.5,,,,,138,36.2,-13.06,-1.4,-19.24,0.05,1.0
SmaScalping,5m,5m (2026-01-14 → 2026-03-03),25.0,8.0,2.0,20.0,True,False,55,9.1,-11.1,-1.4,-23.52,,
SmaScalping,5m,5m (2026-01-14 → 2026-03-03),30.0,5.0,1.0,0.0,True,True,86,14.0,-14.64,-1.41,-22.22,,
PVTScalping,1h,1H (Feb 2025+),,3.5,,,,,78,19.2,-11.05,-1.41,-18.68,0.01,2.0
SmaScalping,5m,5m (2026-01-14 → 2026-03-03),25.0,8.0,2.0,15.0,False,False,67,9.0,-14.04,-1.41,-31.53,,
SmaScalping,5m,5m (2026-01-14 → 2026-03-03),25.0,6.0,2.0,20.0,True,True,100,12.0,-16.91,-1.42,-23.63,,
PVTScalping,1h,1H (Feb 2025+),,1.5,,,,,133,36.1,-13.03,-1.43,-20.02,0.1,2.0
SmaScalping,15m,15m (2025-10-22 → 2026-03-03),25.0,6.0,1.0,20.0,True,False,100,12.0,-16.91,-1.43,-31.61,,
SmaScalping,5m,5m (2026-01-14 → 2026-03-03),25.0,3.0,1.0,20.0,False,True,142,21.8,-18.07,-1.43,-24.13,,
SmaScalping,5m,5m (2026-01-14 → 2026-03-03),25.0,8.0,2.0,15.0,True,True,66,9.1,-13.17,-1.43,-21.7,,
SmaScalping,15m,15m (2025-10-22 → 2026-03-03),30.0,8.0,2.0,20.0,False,True,56,8.9,-11.99,-1.43,-24.55,,
PVTScalping,1h,1H (Feb 2025+),,2.0,,,,,115,29.6,-13.13,-1.44,-18.07,0.1,2.0
PVTScalping,1h,1H (Feb 2025+),,2.0,,,,,115,29.6,-13.13,-1.44,-18.07,0.1,1.0
SmaScalping,15m,15m (2025-10-22 → 2026-03-03),25.0,6.0,1.0,15.0,True,False,51,11.8,-9.76,-1.44,-24.53,,
SmaScalping,15m,15m (2025-10-22 → 2026-03-03),25.0,6.0,1.0,20.0,False,True,95,11.6,-18.39,-1.44,-25.15,,
SmaScalping,15m,15m (2025-10-22 → 2026-03-03),25.0,5.0,2.0,15.0,True,True,106,14.2,-16.7,-1.44,-29.57,,
SmaScalping,15m,15m (2025-10-22 → 2026-03-03),25.0,5.0,1.0,20.0,True,True,106,14.2,-16.7,-1.44,-32.92,,
PVTScalping,1h,1H (Feb 2025+),,1.5,,,,,133,36.1,-13.03,-1.44,-20.02,0.1,1.0
SmaScalping,15m,15m (2025-10-22 → 2026-03-03),30.0,6.0,1.0,20.0,False,True,60,11.7,-11.73,-1.44,-24.83,,
SmaScalping,5m,5m (2026-01-14 → 2026-03-03),30.0,8.0,2.0,20.0,True,False,45,8.9,-9.9,-1.45,-17.95,,
SmaScalping,15m,15m (2025-10-22 → 2026-03-03),30.0,5.0,1.0,0.0,True,True,57,14.0,-9.71,-1.45,-24.53,,
SmaScalping,5m,5m (2026-01-14 → 2026-03-03),25.0,3.0,1.0,0.0,True,False,88,21.6,-12.35,-1.46,-24.13,,
SmaScalping,5m,5m (2026-01-14 → 2026-03-03),25.0,6.0,1.0,0.0,True,True,103,11.7,-19.37,-1.46,-31.75,,
SmaScalping,5m,5m (2026-01-14 → 2026-03-03),25.0,6.0,2.0,20.0,False,False,60,11.7,-11.73,-1.47,-25.74,,
PVTScalping,1h,1H (Feb 2025+),,1.5,,,,,139,36.0,-13.93,-1.47,-20.05,0.01,1.0
PVTScalping,1h,1H (Feb 2025+),,1.5,,,,,139,36.0,-13.93,-1.48,-20.05,0.01,2.0
SmaScalping,5m,5m (2026-01-14 → 2026-03-03),35.0,5.0,2.0,0.0,False,True,57,14.0,-9.71,-1.48,-19.62,,
SmaScalping,15m,15m (2025-10-22 → 2026-03-03),35.0,8.0,1.0,20.0,True,True,56,8.9,-11.99,-1.48,-23.79,,
PVTScalping,1h,1H (Feb 2025+),,1.5,,,,,139,36.0,-13.93,-1.49,-20.05,0.01,3.0
SmaScalping,5m,5m (2026-01-14 → 2026-03-03),25.0,8.0,1.0,20.0,True,False,56,8.9,-11.99,-1.51,-24.29,,
PVTScalping,1h,1H (Feb 2025+),,2.0,,,,,116,29.3,-14.0,-1.51,-18.07,0.01,1.0
PVTScalping,1h,1H (Feb 2025+),,3.5,,,,,79,19.0,-11.94,-1.52,-20.3,0.1,2.0
SmaScalping,5m,5m (2026-01-14 → 2026-03-03),25.0,3.0,1.0,0.0,True,True,103,21.4,-15.11,-1.52,-21.76,,
SmaScalping,5m,5m (2026-01-14 → 2026-03-03),25.0,3.0,2.0,20.0,False,False,84,21.4,-12.3,-1.53,-21.11,,
SmaScalping,5m,5m (2026-01-14 → 2026-03-03),30.0,5.0,2.0,0.0,True,True,94,13.8,-16.46,-1.54,-18.21,,
SmaScalping,15m,15m (2025-10-22 → 2026-03-03),25.0,6.0,1.0,15.0,False,True,53,11.3,-11.55,-1.54,-22.38,,
SmaScalping,5m,5m (2026-01-14 → 2026-03-03),25.0,8.0,2.0,20.0,False,True,81,8.6,-18.54,-1.55,-34.66,,
SmaScalping,15m,15m (2025-10-22 → 2026-03-03),30.0,3.0,1.0,0.0,True,True,89,21.3,-13.23,-1.55,-22.26,,
PVTScalping,1h,1H (Feb 2025+),,1.5,,,,,134,35.8,-13.9,-1.55,-21.2,0.05,3.0
SmaScalping,5m,5m (2026-01-14 → 2026-03-03),25.0,5.0,1.0,20.0,False,False,66,13.6,-12.52,-1.55,-25.28,,
SmaScalping,5m,5m (2026-01-14 → 2026-03-03),25.0,3.0,2.0,20.0,False,True,130,21.5,-17.92,-1.56,-20.92,,
PVTScalping,1h,1H (Feb 2025+),,2.0,,,,,113,29.2,-13.98,-1.56,-18.07,0.05,3.0
SmaScalping,5m,5m (2026-01-14 → 2026-03-03),25.0,6.0,1.0,15.0,False,True,104,11.5,-20.18,-1.56,-37.9,,
SmaScalping,15m,15m (2025-10-22 → 2026-03-03),25.0,3.0,2.0,0.0,True,True,125,21.6,-17.04,-1.57,-33.18,,
SmaScalping,15m,15m (2025-10-22 → 2026-03-03),25.0,4.0,2.0,0.0,True,True,95,16.8,-15.33,-1.57,-23.77,,
SmaScalping,15m,15m (2025-10-22 → 2026-03-03),35.0,4.0,2.0,15.0,True,True,54,16.7,-9.45,-1.57,-17.04,,
PVTScalping,1h,1H (Feb 2025+),,2.0,,,,,113,29.2,-13.98,-1.57,-17.24,0.05,2.0
SmaScalping,15m,15m (2025-10-22 → 2026-03-03),25.0,3.0,1.0,20.0,True,False,139,21.6,-18.84,-1.57,-30.52,,
SmaScalping,5m,5m (2026-01-14 → 2026-03-03),25.0,8.0,2.0,0.0,False,True,81,8.6,-18.54,-1.57,-38.48,,
SmaScalping,5m,5m (2026-01-14 → 2026-03-03),25.0,6.0,1.0,0.0,True,False,61,11.5,-12.61,-1.58,-24.99,,
SmaScalping,5m,5m (2026-01-14 → 2026-03-03),25.0,5.0,1.0,0.0,True,False,66,13.6,-12.52,-1.58,-25.28,,
SmaScalping,5m,5m (2026-01-14 → 2026-03-03),30.0,3.0,2.0,0.0,True,False,71,21.1,-11.26,-1.58,-18.26,,
SmaScalping,15m,15m (2025-10-22 → 2026-03-03),25.0,6.0,2.0,15.0,True,False,78,11.5,-15.55,-1.59,-29.38,,
SmaScalping,5m,5m (2026-01-14 → 2026-03-03),25.0,8.0,1.0,15.0,False,False,69,8.7,-15.75,-1.59,-30.84,,
SmaScalping,15m,15m (2025-10-22 → 2026-03-03),30.0,3.0,2.0,20.0,False,True,89,21.3,-13.23,-1.6,-23.27,,
SmaScalping,15m,15m (2025-10-22 → 2026-03-03),35.0,8.0,2.0,0.0,True,False,46,8.7,-10.8,-1.62,-22.75,,
SmaScalping,5m,5m (2026-01-14 → 2026-03-03),25.0,3.0,1.0,15.0,False,False,90,21.1,-14.1,-1.62,-24.22,,
SmaScalping,15m,15m (2025-10-22 → 2026-03-03),30.0,5.0,1.0,15.0,True,False,51,13.7,-9.58,-1.62,-23.77,,
SmaScalping,15m,15m (2025-10-22 → 2026-03-03),25.0,4.0,2.0,20.0,False,True,103,16.5,-17.93,-1.62,-27.04,,
PVTScalping,1h,1H (Feb 2025+),,1.5,,,,,132,35.6,-14.32,-1.62,-21.2,0.1,3.0
SmaScalping,5m,5m (2026-01-14 → 2026-03-03),30.0,3.0,1.0,0.0,True,False,81,21.0,-13.13,-1.63,-23.36,,
SmaScalping,5m,5m (2026-01-14 → 2026-03-03),25.0,3.0,1.0,0.0,False,True,166,21.1,-24.58,-1.63,-25.15,,
SmaScalping,15m,15m (2025-10-22 → 2026-03-03),30.0,4.0,1.0,0.0,True,True,72,16.7,-12.4,-1.64,-20.87,,
SmaScalping,15m,15m (2025-10-22 → 2026-03-03),30.0,8.0,2.0,0.0,True,True,69,8.7,-15.75,-1.64,-27.5,,
PVTScalping,1h,1H (Feb 2025+),,2.0,,,,,114,28.9,-14.84,-1.66,-18.07,0.01,2.0
SmaScalping,15m,15m (2025-10-22 → 2026-03-03),30.0,5.0,2.0,0.0,False,True,59,13.6,-11.51,-1.66,-21.1,,
PVTScalping,1h,1H (Feb 2025+),,2.0,,,,,114,28.9,-14.84,-1.66,-18.07,0.01,3.0
SmaScalping,15m,15m (2025-10-22 → 2026-03-03),35.0,6.0,1.0,20.0,True,False,53,11.3,-11.55,-1.68,-20.49,,
SmaScalping,5m,5m (2026-01-14 → 2026-03-03),25.0,5.0,2.0,20.0,False,True,127,13.4,-24.13,-1.69,-32.34,,
SmaScalping,15m,15m (2025-10-22 → 2026-03-03),30.0,8.0,2.0,0.0,False,True,47,8.5,-11.69,-1.69,-24.29,,
SmaScalping,5m,5m (2026-01-14 → 2026-03-03),25.0,6.0,2.0,15.0,True,False,62,11.3,-13.49,-1.69,-27.21,,
SmaScalping,5m,5m (2026-01-14 → 2026-03-03),30.0,8.0,1.0,20.0,True,False,47,8.5,-11.69,-1.7,-18.77,,
SmaScalping,15m,15m (2025-10-22 → 2026-03-03),35.0,3.0,1.0,20.0,False,True,71,21.1,-11.26,-1.7,-17.72,,
SmaScalping,5m,5m (2026-01-14 → 2026-03-03),25.0,5.0,2.0,15.0,True,False,60,13.3,-12.39,-1.72,-22.67,,
SmaScalping,5m,5m (2026-01-14 → 2026-03-03),30.0,4.0,2.0,15.0,True,True,85,16.5,-15.17,-1.72,-18.21,,
SmaScalping,15m,15m (2025-10-22 → 2026-03-03),35.0,4.0,2.0,20.0,True,True,49,16.3,-9.36,-1.73,-16.96,,
SmaScalping,15m,15m (2025-10-22 → 2026-03-03),35.0,8.0,2.0,20.0,True,False,47,8.5,-11.69,-1.73,-22.75,,
SmaScalping,5m,5m (2026-01-14 → 2026-03-03),30.0,8.0,1.0,20.0,False,True,71,8.5,-17.43,-1.74,-22.75,,
SmaScalping,15m,15m (2025-10-22 → 2026-03-03),35.0,3.0,2.0,15.0,True,False,53,20.8,-9.24,-1.74,-16.75,,
SmaScalping,15m,15m (2025-10-22 → 2026-03-03),30.0,8.0,1.0,15.0,False,False,24,8.3,-6.5,-1.74,-13.42,,
SmaScalping,5m,5m (2026-01-14 → 2026-03-03),30.0,8.0,1.0,0.0,True,True,72,8.3,-18.25,-1.75,-26.54,,
SmaScalping,15m,15m (2025-10-22 → 2026-03-03),25.0,5.0,1.0,15.0,True,True,74,13.5,-14.39,-1.76,-26.46,,
SmaScalping,15m,15m (2025-10-22 → 2026-03-03),25.0,5.0,2.0,20.0,True,False,102,13.7,-18.24,-1.76,-34.16,,
PVTScalping,1h,1H (Feb 2025+),,2.0,,,,,115,28.7,-15.69,-1.76,-18.89,0.05,1.0
SmaScalping,15m,15m (2025-10-22 → 2026-03-03),35.0,3.0,2.0,15.0,False,False,58,20.7,-10.2,-1.77,-16.8,,
SmaScalping,5m,5m (2026-01-14 → 2026-03-03),25.0,6.0,1.0,15.0,True,False,63,11.1,-14.35,-1.78,-27.94,,
SmaScalping,5m,5m (2026-01-14 → 2026-03-03),25.0,6.0,1.0,20.0,False,False,63,11.1,-14.35,-1.79,-27.21,,
SmaScalping,15m,15m (2025-10-22 → 2026-03-03),35.0,8.0,1.0,15.0,False,False,36,8.3,-9.59,-1.79,-22.49,,
SmaScalping,15m,15m (2025-10-22 → 2026-03-03),30.0,4.0,2.0,15.0,False,True,86,16.3,-16.02,-1.79,-26.01,,
SmaScalping,5m,5m (2026-01-14 → 2026-03-03),30.0,6.0,2.0,20.0,True,True,81,11.1,-18.06,-1.79,-20.32,,
SmaScalping,15m,15m (2025-10-22 → 2026-03-03),25.0,4.0,1.0,20.0,False,True,105,16.2,-19.56,-1.8,-29.84,,
SmaScalping,15m,15m (2025-10-22 → 2026-03-03),25.0,5.0,1.0,0.0,False,True,69,13.0,-15.12,-1.8,-31.16,,
SmaScalping,15m,15m (2025-10-22 → 2026-03-03),30.0,8.0,2.0,15.0,False,True,48,8.3,-12.57,-1.81,-25.05,,
SmaScalping,15m,15m (2025-10-22 → 2026-03-03),35.0,5.0,1.0,20.0,True,False,60,13.3,-12.39,-1.81,-24.21,,
SmaScalping,5m,5m (2026-01-14 → 2026-03-03),25.0,8.0,1.0,0.0,True,False,72,8.3,-18.25,-1.82,-32.89,,
SmaScalping,5m,5m (2026-01-14 → 2026-03-03),25.0,5.0,1.0,15.0,True,False,61,13.1,-13.27,-1.83,-23.44,,
SmaScalping,5m,5m (2026-01-14 → 2026-03-03),25.0,5.0,2.0,0.0,False,True,124,12.9,-26.27,-1.85,-36.21,,
SmaScalping,5m,5m (2026-01-14 → 2026-03-03),30.0,6.0,2.0,15.0,True,True,72,11.1,-16.23,-1.85,-18.38,,
SmaScalping,15m,15m (2025-10-22 → 2026-03-03),35.0,8.0,2.0,15.0,True,False,48,8.3,-12.57,-1.86,-24.29,,
PVTScalping,1h,1H (Feb 2025+),,3.5,,,,,82,18.3,-14.56,-1.86,-19.53,0.01,1.0
PVTScalping,1h,1H (Feb 2025+),,3.5,,,,,82,18.3,-14.56,-1.86,-20.33,0.05,3.0
SmaScalping,5m,5m (2026-01-14 → 2026-03-03),25.0,8.0,2.0,20.0,True,True,94,8.5,-22.01,-1.86,-27.54,,
SmaScalping,5m,5m (2026-01-14 → 2026-03-03),25.0,6.0,2.0,15.0,False,False,64,10.9,-15.21,-1.88,-28.66,,
SmaScalping,15m,15m (2025-10-22 → 2026-03-03),30.0,6.0,2.0,20.0,True,True,81,11.1,-18.06,-1.88,-30.08,,
SmaScalping,15m,15m (2025-10-22 → 2026-03-03),30.0,5.0,2.0,15.0,True,True,83,13.3,-17.05,-1.89,-29.05,,
SmaScalping,15m,15m (2025-10-22 → 2026-03-03),30.0,8.0,2.0,20.0,False,False,49,8.2,-13.45,-1.9,-25.05,,
SmaScalping,15m,15m (2025-10-22 → 2026-03-03),25.0,8.0,2.0,15.0,False,True,73,8.2,-19.07,-1.9,-29.92,,
SmaScalping,5m,5m (2026-01-14 → 2026-03-03),30.0,5.0,1.0,0.0,True,False,62,12.9,-14.14,-1.91,-26.77,,
SmaScalping,5m,5m (2026-01-14 → 2026-03-03),35.0,5.0,1.0,0.0,True,True,61,13.1,-13.27,-1.92,-19.03,,
SmaScalping,15m,15m (2025-10-22 → 2026-03-03),25.0,5.0,2.0,20.0,True,True,106,13.2,-21.46,-1.92,-33.49,,
SmaScalping,5m,5m (2026-01-14 → 2026-03-03),30.0,8.0,2.0,15.0,True,False,49,8.2,-13.45,-1.93,-22.75,,
SmaScalping,5m,5m (2026-01-14 → 2026-03-03),30.0,6.0,1.0,0.0,False,False,65,10.8,-16.06,-1.96,-30.08,,
PVTScalping,1h,1H (Feb 2025+),,3.5,,,,,83,18.1,-15.41,-1.97,-20.33,0.1,1.0
SmaScalping,15m,15m (2025-10-22 → 2026-03-03),35.0,8.0,2.0,20.0,False,False,49,8.2,-13.45,-1.97,-24.29,,
PVTScalping,1h,1H (Feb 2025+),,3.5,,,,,83,18.1,-15.41,-1.97,-20.33,0.05,1.0
PVTScalping,1h,1H (Feb 2025+),,3.5,,,,,83,18.1,-15.41,-1.97,-20.33,0.01,3.0
PVTScalping,1h,1H (Feb 2025+),,3.5,,,,,83,18.1,-15.41,-1.98,-21.92,0.1,3.0
SmaScalping,5m,5m (2026-01-14 → 2026-03-03),30.0,5.0,1.0,0.0,False,True,93,12.9,-20.43,-1.98,-26.46,,
SmaScalping,5m,5m (2026-01-14 → 2026-03-03),35.0,5.0,2.0,0.0,True,True,61,13.1,-13.27,-1.98,-22.78,,
SmaScalping,5m,5m (2026-01-14 → 2026-03-03),30.0,6.0,2.0,0.0,False,True,94,10.6,-23.01,-1.99,-27.94,,
SmaScalping,5m,5m (2026-01-14 → 2026-03-03),25.0,3.0,2.0,15.0,False,False,79,20.3,-14.81,-2.0,-24.13,,
SmaScalping,5m,5m (2026-01-14 → 2026-03-03),30.0,8.0,1.0,15.0,False,True,75,8.0,-20.68,-2.0,-26.54,,
SmaScalping,15m,15m (2025-10-22 → 2026-03-03),25.0,5.0,2.0,0.0,True,False,84,13.1,-17.88,-2.0,-28.54,,
SmaScalping,15m,15m (2025-10-22 → 2026-03-03),30.0,8.0,1.0,20.0,False,True,50,8.0,-14.31,-2.02,-26.54,,
SmaScalping,5m,5m (2026-01-14 → 2026-03-03),25.0,6.0,2.0,0.0,False,True,93,10.8,-22.24,-2.02,-36.64,,
SmaScalping,5m,5m (2026-01-14 → 2026-03-03),25.0,8.0,1.0,0.0,False,False,75,8.0,-20.68,-2.04,-34.23,,
SmaScalping,5m,5m (2026-01-14 → 2026-03-03),30.0,3.0,1.0,0.0,False,False,85,20.0,-16.55,-2.06,-24.17,,
SmaScalping,5m,5m (2026-01-14 → 2026-03-03),30.0,3.0,2.0,0.0,True,True,117,20.5,-20.17,-2.07,-23.54,,
SmaScalping,5m,5m (2026-01-14 → 2026-03-03),25.0,6.0,2.0,15.0,False,True,95,10.5,-23.78,-2.09,-35.35,,
SmaScalping,5m,5m (2026-01-14 → 2026-03-03),30.0,4.0,2.0,0.0,True,True,83,15.7,-17.61,-2.1,-21.49,,
SmaScalping,15m,15m (2025-10-22 → 2026-03-03),30.0,4.0,1.0,20.0,True,False,81,16.0,-15.93,-2.1,-31.32,,
SmaScalping,15m,15m (2025-10-22 → 2026-03-03),25.0,5.0,1.0,15.0,True,False,62,12.9,-14.14,-2.11,-28.94,,
SmaScalping,5m,5m (2026-01-14 → 2026-03-03),25.0,6.0,2.0,0.0,True,True,111,10.8,-25.6,-2.11,-36.78,,
SmaScalping,15m,15m (2025-10-22 → 2026-03-03),25.0,3.0,2.0,20.0,True,False,122,20.5,-21.02,-2.12,-35.17,,
SmaScalping,5m,5m (2026-01-14 → 2026-03-03),35.0,8.0,1.0,15.0,True,True,50,8.0,-14.31,-2.14,-16.57,,
SmaScalping,15m,15m (2025-10-22 → 2026-03-03),30.0,6.0,2.0,0.0,False,True,58,10.3,-15.89,-2.17,-20.65,,
SmaScalping,15m,15m (2025-10-22 → 2026-03-03),30.0,8.0,2.0,15.0,True,True,75,8.0,-20.68,-2.18,-32.43,,
SmaScalping,5m,5m (2026-01-14 → 2026-03-03),30.0,8.0,2.0,15.0,True,True,63,7.9,-17.97,-2.2,-21.45,,
SmaScalping,15m,15m (2025-10-22 → 2026-03-03),25.0,4.0,1.0,0.0,False,True,105,15.2,-23.43,-2.2,-33.22,,
SmaScalping,5m,5m (2026-01-14 → 2026-03-03),25.0,5.0,1.0,0.0,False,False,73,12.3,-18.46,-2.21,-26.77,,
SmaScalping,15m,15m (2025-10-22 → 2026-03-03),25.0,4.0,2.0,0.0,False,True,85,15.3,-19.25,-2.22,-25.34,,
SmaScalping,15m,15m (2025-10-22 → 2026-03-03),30.0,3.0,1.0,20.0,False,False,116,19.8,-22.5,-2.23,-32.03,,
SmaScalping,5m,5m (2026-01-14 → 2026-03-03),30.0,8.0,2.0,20.0,False,False,52,7.7,-16.02,-2.23,-22.75,,
SmaScalping,15m,15m (2025-10-22 → 2026-03-03),30.0,8.0,1.0,20.0,False,False,52,7.7,-16.02,-2.24,-27.27,,
SmaScalping,15m,15m (2025-10-22 → 2026-03-03),25.0,3.0,1.0,0.0,True,True,116,19.8,-22.5,-2.24,-28.36,,
SmaScalping,5m,5m (2026-01-14 → 2026-03-03),25.0,8.0,2.0,0.0,True,True,77,7.8,-22.26,-2.25,-35.96,,
SmaScalping,5m,5m (2026-01-14 → 2026-03-03),30.0,8.0,2.0,15.0,False,False,52,7.7,-16.02,-2.26,-24.29,,
SmaScalping,5m,5m (2026-01-14 → 2026-03-03),25.0,8.0,2.0,0.0,True,False,64,7.8,-18.79,-2.27,-29.43,,
SmaScalping,15m,15m (2025-10-22 → 2026-03-03),30.0,5.0,1.0,0.0,True,False,56,12.5,-14.01,-2.27,-23.77,,
SmaScalping,15m,15m (2025-10-22 → 2026-03-03),25.0,5.0,2.0,0.0,False,True,82,12.2,-21.0,-2.31,-28.34,,
SmaScalping,15m,15m (2025-10-22 → 2026-03-03),25.0,6.0,1.0,20.0,True,True,97,10.3,-25.3,-2.31,-32.17,,
SmaScalping,15m,15m (2025-10-22 → 2026-03-03),35.0,8.0,1.0,20.0,True,False,52,7.7,-16.02,-2.32,-27.02,,
SmaScalping,15m,15m (2025-10-22 → 2026-03-03),25.0,4.0,1.0,0.0,True,True,86,15.1,-20.05,-2.33,-26.01,,
SmaScalping,15m,15m (2025-10-22 → 2026-03-03),30.0,3.0,1.0,20.0,False,True,107,19.6,-21.62,-2.34,-28.57,,
SmaScalping,15m,15m (2025-10-22 → 2026-03-03),25.0,3.0,2.0,20.0,True,True,126,19.8,-24.13,-2.35,-32.07,,
SmaScalping,5m,5m (2026-01-14 → 2026-03-03),25.0,8.0,1.0,15.0,True,False,65,7.7,-19.6,-2.37,-30.84,,
PVTScalping,1h,1H (Feb 2025+),,3.0,,,,,92,19.6,-19.08,-2.38,-21.34,0.01,1.0
SmaScalping,5m,5m (2026-01-14 → 2026-03-03),25.0,8.0,2.0,15.0,True,False,65,7.7,-19.6,-2.38,-30.84,,
PVTScalping,1h,1H (Feb 2025+),,3.0,,,,,92,19.6,-19.08,-2.39,-21.34,0.05,3.0
PVTScalping,1h,1H (Feb 2025+),,3.0,,,,,92,19.6,-19.08,-2.4,-21.34,0.05,2.0
PVTScalping,1h,1H (Feb 2025+),,3.0,,,,,92,19.6,-19.08,-2.41,-22.13,0.1,3.0
SmaScalping,15m,15m (2025-10-22 → 2026-03-03),30.0,6.0,1.0,20.0,True,False,89,10.1,-24.39,-2.43,-32.03,,
SmaScalping,5m,5m (2026-01-14 → 2026-03-03),30.0,8.0,1.0,20.0,False,False,54,7.4,-17.69,-2.44,-24.29,,
SmaScalping,5m,5m (2026-01-14 → 2026-03-03),30.0,8.0,2.0,0.0,True,False,54,7.4,-17.69,-2.46,-26.54,,
SmaScalping,5m,5m (2026-01-14 → 2026-03-03),25.0,6.0,1.0,15.0,False,False,70,10.0,-20.17,-2.47,-30.08,,
SmaScalping,5m,5m (2026-01-14 → 2026-03-03),25.0,6.0,1.0,0.0,False,False,70,10.0,-20.17,-2.48,-28.66,,
SmaScalping,15m,15m (2025-10-22 → 2026-03-03),30.0,6.0,1.0,15.0,True,True,50,10.0,-14.86,-2.48,-25.43,,
PVTScalping,1h,1H (Feb 2025+),,3.0,,,,,93,19.4,-19.89,-2.49,-22.13,0.01,2.0
PVTScalping,1h,1H (Feb 2025+),,3.0,,,,,93,19.4,-19.89,-2.49,-22.13,0.01,3.0
PVTScalping,1h,1H (Feb 2025+),,3.0,,,,,93,19.4,-19.89,-2.49,-22.13,0.05,1.0
PVTScalping,1h,1H (Feb 2025+),,3.0,,,,,93,19.4,-19.89,-2.49,-22.13,0.1,1.0
SmaScalping,15m,15m (2025-10-22 → 2026-03-03),25.0,4.0,1.0,20.0,True,True,94,14.9,-22.5,-2.49,-27.63,,
SmaScalping,15m,15m (2025-10-22 → 2026-03-03),25.0,6.0,2.0,0.0,True,False,89,10.1,-24.39,-2.49,-33.37,,
SmaScalping,15m,15m (2025-10-22 → 2026-03-03),30.0,6.0,1.0,20.0,True,True,81,9.9,-23.47,-2.53,-31.2,,
SmaScalping,15m,15m (2025-10-22 → 2026-03-03),30.0,4.0,2.0,20.0,False,True,89,14.6,-22.43,-2.54,-31.04,,
SmaScalping,15m,15m (2025-10-22 → 2026-03-03),30.0,4.0,2.0,20.0,True,False,86,15.1,-20.05,-2.55,-29.93,,
PVTScalping,1h,1H (Feb 2025+),,2.5,,,,,94,22.3,-19.36,-2.56,-22.4,0.01,1.0
SmaScalping,15m,15m (2025-10-22 → 2026-03-03),30.0,8.0,2.0,20.0,True,False,69,7.2,-22.77,-2.56,-33.12,,
SmaScalping,15m,15m (2025-10-22 → 2026-03-03),35.0,3.0,2.0,20.0,False,False,69,18.8,-16.35,-2.58,-24.17,,
PVTScalping,1h,1H (Feb 2025+),,3.0,,,,,94,19.1,-20.69,-2.59,-22.91,0.1,2.0
SmaScalping,15m,15m (2025-10-22 → 2026-03-03),25.0,5.0,2.0,15.0,True,False,83,12.0,-21.79,-2.62,-28.75,,
SmaScalping,15m,15m (2025-10-22 → 2026-03-03),30.0,6.0,2.0,20.0,True,False,91,9.9,-25.9,-2.63,-33.91,,
SmaScalping,15m,15m (2025-10-22 → 2026-03-03),30.0,5.0,2.0,0.0,True,True,76,11.8,-20.88,-2.65,-29.46,,
SmaScalping,5m,5m (2026-01-14 → 2026-03-03),30.0,8.0,2.0,0.0,False,False,56,7.1,-19.33,-2.67,-27.27,,
SmaScalping,5m,5m (2026-01-14 → 2026-03-03),35.0,8.0,1.0,15.0,False,True,55,7.3,-18.51,-2.68,-20.66,,
SmaScalping,15m,15m (2025-10-22 → 2026-03-03),25.0,8.0,2.0,0.0,False,True,57,7.0,-20.13,-2.71,-30.84,,
SmaScalping,15m,15m (2025-10-22 → 2026-03-03),30.0,5.0,2.0,20.0,True,True,85,11.8,-23.35,-2.72,-30.66,,
SmaScalping,15m,15m (2025-10-22 → 2026-03-03),30.0,4.0,2.0,0.0,False,True,83,14.5,-21.57,-2.74,-30.9,,
SmaScalping,5m,5m (2026-01-14 → 2026-03-03),30.0,8.0,1.0,15.0,True,False,57,7.0,-20.13,-2.74,-26.54,,
SmaScalping,5m,5m (2026-01-14 → 2026-03-03),35.0,8.0,1.0,0.0,True,True,56,7.1,-19.33,-2.8,-23.02,,
PVTScalping,1h,1H (Feb 2025+),,2.5,,,,,92,21.7,-20.53,-2.86,-22.4,0.05,3.0
SmaScalping,15m,15m (2025-10-22 → 2026-03-03),30.0,6.0,2.0,0.0,True,True,74,9.5,-23.32,-2.88,-29.66,,
PVTScalping,1h,1H (Feb 2025+),,2.5,,,,,92,21.7,-20.53,-2.88,-22.4,0.05,2.0
SmaScalping,15m,15m (2025-10-22 → 2026-03-03),25.0,5.0,2.0,0.0,True,True,102,11.8,-27.32,-2.89,-35.74,,
SmaScalping,15m,15m (2025-10-22 → 2026-03-03),25.0,8.0,2.0,20.0,True,True,72,6.9,-25.07,-2.91,-35.11,,
SmaScalping,5m,5m (2026-01-14 → 2026-03-03),35.0,8.0,1.0,0.0,False,True,57,7.0,-20.13,-2.92,-23.79,,
SmaScalping,15m,15m (2025-10-22 → 2026-03-03),30.0,4.0,2.0,0.0,True,True,70,14.3,-19.01,-2.93,-25.04,,
SmaScalping,5m,5m (2026-01-14 → 2026-03-03),30.0,8.0,2.0,20.0,False,True,73,6.8,-25.82,-2.94,-26.28,,
SmaScalping,15m,15m (2025-10-22 → 2026-03-03),30.0,3.0,1.0,20.0,True,True,108,18.5,-25.42,-2.96,-34.71,,
SmaScalping,15m,15m (2025-10-22 → 2026-03-03),30.0,4.0,2.0,15.0,True,True,77,14.3,-20.7,-2.97,-27.71,,
PVTScalping,1h,1H (Feb 2025+),,2.5,,,,,93,21.5,-21.32,-2.98,-23.18,0.05,1.0
PVTScalping,1h,1H (Feb 2025+),,2.5,,,,,93,21.5,-21.32,-2.98,-23.18,0.1,1.0
PVTScalping,1h,1H (Feb 2025+),,2.5,,,,,93,21.5,-21.32,-2.98,-23.18,0.01,3.0
PVTScalping,1h,1H (Feb 2025+),,2.5,,,,,93,21.5,-21.32,-2.98,-23.18,0.01,2.0
PVTScalping,1h,1H (Feb 2025+),,2.5,,,,,93,21.5,-21.32,-2.99,-23.18,0.1,3.0
SmaScalping,15m,15m (2025-10-22 → 2026-03-03),25.0,4.0,2.0,20.0,True,True,93,14.0,-25.48,-2.99,-30.41,,
SmaScalping,5m,5m (2026-01-14 → 2026-03-03),30.0,8.0,1.0,15.0,False,False,60,6.7,-22.51,-3.02,-28.72,,
SmaScalping,15m,15m (2025-10-22 → 2026-03-03),25.0,5.0,1.0,0.0,True,True,79,11.4,-23.23,-3.04,-32.04,,
SmaScalping,15m,15m (2025-10-22 → 2026-03-03),30.0,8.0,2.0,20.0,True,True,74,6.8,-26.56,-3.07,-36.4,,
PVTScalping,1h,1H (Feb 2025+),,2.5,,,,,94,21.3,-22.11,-3.08,-23.94,0.1,2.0
SmaScalping,15m,15m (2025-10-22 → 2026-03-03),30.0,6.0,1.0,0.0,True,True,64,9.4,-20.81,-3.08,-33.1,,
SmaScalping,5m,5m (2026-01-14 → 2026-03-03),30.0,8.0,1.0,0.0,False,True,77,6.5,-28.74,-3.15,-31.53,,
SmaScalping,15m,15m (2025-10-22 → 2026-03-03),30.0,3.0,2.0,20.0,True,False,99,18.2,-24.57,-3.17,-35.4,,
SmaScalping,5m,5m (2026-01-14 → 2026-03-03),30.0,6.0,2.0,0.0,True,True,91,8.8,-30.79,-3.18,-32.03,,
SmaScalping,5m,5m (2026-01-14 → 2026-03-03),25.0,8.0,1.0,0.0,False,True,90,6.7,-31.78,-3.19,-39.11,,
SmaScalping,15m,15m (2025-10-22 → 2026-03-03),30.0,6.0,1.0,0.0,True,False,65,9.2,-21.6,-3.2,-33.77,,
SmaScalping,5m,5m (2026-01-14 → 2026-03-03),25.0,6.0,1.0,0.0,False,True,89,9.0,-29.38,-3.2,-35.23,,
SmaScalping,5m,5m (2026-01-14 → 2026-03-03),30.0,8.0,2.0,15.0,False,True,77,6.5,-28.74,-3.25,-29.21,,
SmaScalping,15m,15m (2025-10-22 → 2026-03-03),25.0,6.0,1.0,15.0,True,True,68,8.8,-23.93,-3.26,-29.38,,
SmaScalping,5m,5m (2026-01-14 → 2026-03-03),30.0,8.0,1.0,0.0,True,False,63,6.3,-24.81,-3.26,-30.84,,
SmaScalping,5m,5m (2026-01-14 → 2026-03-03),30.0,8.0,2.0,0.0,True,True,78,6.4,-29.45,-3.32,-32.66,,
SmaScalping,5m,5m (2026-01-14 → 2026-03-03),30.0,8.0,2.0,0.0,False,True,79,6.3,-30.16,-3.34,-34.0,,
SmaScalping,5m,5m (2026-01-14 → 2026-03-03),25.0,8.0,1.0,20.0,False,True,89,6.7,-31.09,-3.35,-40.72,,
SmaScalping,15m,15m (2025-10-22 → 2026-03-03),25.0,5.0,1.0,0.0,True,False,66,10.6,-22.23,-3.49,-28.94,,
SmaScalping,5m,5m (2026-01-14 → 2026-03-03),30.0,8.0,1.0,0.0,False,False,66,6.1,-27.04,-3.51,-32.89,,
SmaScalping,5m,5m (2026-01-14 → 2026-03-03),25.0,8.0,1.0,15.0,False,True,92,6.5,-33.14,-3.54,-41.31,,
SmaScalping,15m,15m (2025-10-22 → 2026-03-03),25.0,6.0,2.0,0.0,True,True,102,8.8,-33.65,-3.6,-38.52,,
SmaScalping,15m,15m (2025-10-22 → 2026-03-03),30.0,4.0,1.0,20.0,True,True,85,12.9,-26.82,-3.62,-31.66,,
SmaScalping,15m,15m (2025-10-22 → 2026-03-03),30.0,8.0,1.0,20.0,True,True,67,6.0,-27.77,-3.74,-37.45,,
SmaScalping,15m,15m (2025-10-22 → 2026-03-03),30.0,4.0,2.0,20.0,True,True,79,12.7,-26.01,-3.88,-30.9,,
SmaScalping,15m,15m (2025-10-22 → 2026-03-03),30.0,8.0,1.0,0.0,True,True,52,5.8,-23.02,-3.93,-33.1,,
SmaScalping,15m,15m (2025-10-22 → 2026-03-03),30.0,8.0,1.0,20.0,True,False,69,5.8,-29.21,-4.0,-38.69,,
SmaScalping,15m,15m (2025-10-22 → 2026-03-03),30.0,8.0,1.0,0.0,True,False,54,5.6,-24.55,-4.14,-33.77,,
SmaScalping,15m,15m (2025-10-22 → 2026-03-03),25.0,6.0,2.0,20.0,True,True,95,7.4,-37.91,-4.21,-41.42,,
SmaScalping,15m,15m (2025-10-22 → 2026-03-03),30.0,3.0,2.0,20.0,True,True,100,16.0,-31.02,-4.29,-38.09,,
SmaScalping,15m,15m (2025-10-22 → 2026-03-03),30.0,3.0,1.0,20.0,True,False,101,15.8,-31.71,-4.35,-40.32,,
SmaScalping,15m,15m (2025-10-22 → 2026-03-03),30.0,5.0,2.0,20.0,True,False,88,9.1,-33.88,-4.54,-41.72,,
SmaScalping,15m,15m (2025-10-22 → 2026-03-03),30.0,8.0,1.0,15.0,True,True,41,4.9,-21.18,-4.64,-27.5,,
SmaScalping,15m,15m (2025-10-22 → 2026-03-03),30.0,8.0,1.0,15.0,True,False,43,4.7,-22.75,-4.9,-28.94,,
SmaScalping,15m,15m (2025-10-22 → 2026-03-03),25.0,6.0,1.0,0.0,True,True,88,6.8,-37.78,-5.34,-44.07,,
SmaScalping,15m,15m (2025-10-22 → 2026-03-03),25.0,6.0,1.0,0.0,True,False,79,6.3,-36.39,-5.77,-42.24,,
