symbol,timeframe,di_threshold,rr,di_persist,spread,period,di_slope,adx_rising,adx_min,atr_ratio,avoid_hours,filters,trades,win_rate,roi,sharpe,max_dd
NAS100_USD,15m,30.0,3.0,2,2.3,2025-10-23 to 2026-03-27,True,False,25.0,1.0,"[7, 8, 21, 22, 23]","di_slope, adx_min=25, atr_ratio=1.0, avoid=[7, 8, 21, 22, 23]",59,39.0,37.44,4.31,-5.85
NAS100_USD,15m,30.0,3.0,2,2.3,2025-10-23 to 2026-03-27,True,False,25.0,1.0,"[7, 8, 20, 21, 22, 23]","di_slope, adx_min=25, atr_ratio=1.0, avoid=[7, 8, 20, 21, 22, 23]",59,39.0,37.44,4.31,-5.85
NAS100_USD,15m,30.0,3.0,2,2.3,2025-10-23 to 2026-03-27,True,False,25.0,1.0,"[7, 8]","di_slope, adx_min=25, atr_ratio=1.0, avoid=[7, 8]",60,38.3,36.07,4.1,-5.85
NAS100_USD,15m,30.0,3.0,2,2.3,2025-10-23 to 2026-03-27,True,False,25.0,1.2,"[0, 1, 2, 3, 4, 5]","di_slope, adx_min=25, atr_ratio=1.2, avoid=[0, 1, 2, 3, 4, 5]",49,36.7,24.67,3.8,-5.96
NAS100_USD,15m,30.0,3.0,2,2.3,2025-10-23 to 2026-03-27,True,False,20.0,1.2,"[7, 8]","di_slope, adx_min=20, atr_ratio=1.2, avoid=[7, 8]",55,36.4,27.05,3.74,-7.89
NAS100_USD,15m,30.0,3.0,2,2.3,2025-10-23 to 2026-03-27,True,False,20.0,1.2,"[7, 8, 21, 22, 23]","di_slope, adx_min=20, atr_ratio=1.2, avoid=[7, 8, 21, 22, 23]",55,36.4,27.05,3.74,-7.89
NAS100_USD,15m,30.0,3.0,2,2.3,2025-10-23 to 2026-03-27,True,False,20.0,1.2,"[7, 8, 20, 21, 22, 23]","di_slope, adx_min=20, atr_ratio=1.2, avoid=[7, 8, 20, 21, 22, 23]",55,36.4,27.05,3.74,-7.89
NAS100_USD,15m,30.0,3.0,2,2.3,2025-10-23 to 2026-03-27,True,False,25.0,1.0,"[7, 21, 22, 23]","di_slope, adx_min=25, atr_ratio=1.0, avoid=[7, 21, 22, 23]",62,37.1,33.36,3.73,-5.85
NAS100_USD,15m,30.0,3.0,2,2.3,2025-10-23 to 2026-03-27,True,False,25.0,1.2,,"di_slope, adx_min=25, atr_ratio=1.2",50,36.0,23.42,3.57,-6.9
NAS100_USD,15m,30.0,3.0,2,2.3,2025-10-23 to 2026-03-27,True,False,25.0,1.2,[7],"di_slope, adx_min=25, atr_ratio=1.2, avoid=[7]",50,36.0,23.42,3.57,-6.9
NAS100_USD,15m,30.0,3.0,2,2.3,2025-10-23 to 2026-03-27,True,False,25.0,1.2,"[21, 22, 23]","di_slope, adx_min=25, atr_ratio=1.2, avoid=[21, 22, 23]",50,36.0,23.42,3.57,-6.9
NAS100_USD,15m,30.0,3.0,2,2.3,2025-10-23 to 2026-03-27,True,False,25.0,1.2,"[7, 21, 22, 23]","di_slope, adx_min=25, atr_ratio=1.2, avoid=[7, 21, 22, 23]",50,36.0,23.42,3.57,-6.9
NAS100_USD,15m,30.0,3.0,2,2.3,2025-10-23 to 2026-03-27,True,False,25.0,1.2,"[20, 21, 22, 23]","di_slope, adx_min=25, atr_ratio=1.2, avoid=[20, 21, 22, 23]",50,36.0,23.42,3.57,-6.9
NAS100_USD,15m,30.0,3.0,2,2.3,2025-10-23 to 2026-03-27,False,False,0.0,0.0,"[20, 21, 22, 23]","avoid=[20, 21, 22, 23]",106,36.8,61.51,3.54,-10.73
NAS100_USD,15m,30.0,3.0,2,2.3,2025-10-23 to 2026-03-27,True,False,20.0,1.2,"[0, 1, 2, 3, 4, 5]","di_slope, adx_min=20, atr_ratio=1.2, avoid=[0, 1, 2, 3, 4, 5]",56,35.7,25.78,3.54,-7.07
NAS100_USD,15m,30.0,3.0,2,2.3,2025-10-23 to 2026-03-27,True,False,25.0,1.0,[7],"di_slope, adx_min=25, atr_ratio=1.0, avoid=[7]",63,36.5,32.03,3.54,-5.85
NAS100_USD,15m,30.0,3.0,2,2.3,2025-10-23 to 2026-03-27,True,False,25.0,1.0,"[21, 22, 23]","di_slope, adx_min=25, atr_ratio=1.0, avoid=[21, 22, 23]",63,36.5,32.03,3.54,-5.85
NAS100_USD,15m,30.0,3.0,2,2.3,2025-10-23 to 2026-03-27,True,False,25.0,1.0,"[20, 21, 22, 23]","di_slope, adx_min=25, atr_ratio=1.0, avoid=[20, 21, 22, 23]",63,36.5,32.03,3.54,-5.85
NAS100_USD,15m,30.0,3.0,2,2.3,2025-10-23 to 2026-03-27,False,False,0.0,1.0,"[20, 21, 22, 23]","atr_ratio=1.0, avoid=[20, 21, 22, 23]",85,36.5,45.3,3.52,-10.63
NAS100_USD,15m,30.0,3.0,2,2.3,2025-10-23 to 2026-03-27,True,False,20.0,0.0,"[7, 8]","di_slope, adx_min=20, avoid=[7, 8]",99,36.4,53.87,3.51,-5.85
NAS100_USD,15m,30.0,3.0,2,2.3,2025-10-23 to 2026-03-27,True,False,20.0,1.0,"[7, 8, 21, 22, 23]","di_slope, adx_min=20, atr_ratio=1.0, avoid=[7, 8, 21, 22, 23]",77,36.4,39.82,3.51,-6.85
NAS100_USD,15m,30.0,3.0,2,2.3,2025-10-23 to 2026-03-27,True,False,20.0,1.0,"[7, 8, 20, 21, 22, 23]","di_slope, adx_min=20, atr_ratio=1.0, avoid=[7, 8, 20, 21, 22, 23]",77,36.4,39.82,3.51,-6.85
NAS100_USD,15m,30.0,3.0,2,2.3,2025-10-23 to 2026-03-27,True,False,20.0,1.0,"[7, 8]","di_slope, adx_min=20, atr_ratio=1.0, avoid=[7, 8]",80,36.2,41.15,3.47,-6.85
NAS100_USD,15m,30.0,3.0,2,2.3,2025-10-23 to 2026-03-27,False,False,0.0,0.0,"[21, 22, 23]","avoid=[21, 22, 23]",107,36.4,59.9,3.44,-10.78
NAS100_USD,15m,30.0,3.0,2,2.3,2025-10-23 to 2026-03-27,False,False,0.0,1.0,"[21, 22, 23]","atr_ratio=1.0, avoid=[21, 22, 23]",86,36.0,43.84,3.4,-10.68
NAS100_USD,15m,30.0,3.0,2,2.3,2025-10-23 to 2026-03-27,True,False,25.0,1.0,,"di_slope, adx_min=25, atr_ratio=1.0",64,35.9,30.71,3.35,-5.85
NAS100_USD,15m,30.0,3.0,2,2.3,2025-10-23 to 2026-03-27,True,False,20.0,1.2,,"di_slope, adx_min=20, atr_ratio=1.2",57,35.1,24.52,3.34,-8.0
NAS100_USD,15m,30.0,3.0,2,2.3,2025-10-23 to 2026-03-27,True,False,20.0,1.2,[7],"di_slope, adx_min=20, atr_ratio=1.2, avoid=[7]",57,35.1,24.52,3.34,-8.0
NAS100_USD,15m,30.0,3.0,2,2.3,2025-10-23 to 2026-03-27,True,False,20.0,1.2,"[21, 22, 23]","di_slope, adx_min=20, atr_ratio=1.2, avoid=[21, 22, 23]",57,35.1,24.52,3.34,-8.0
NAS100_USD,15m,30.0,3.0,2,2.3,2025-10-23 to 2026-03-27,True,False,20.0,1.2,"[7, 21, 22, 23]","di_slope, adx_min=20, atr_ratio=1.2, avoid=[7, 21, 22, 23]",57,35.1,24.52,3.34,-8.0
NAS100_USD,15m,30.0,3.0,2,2.3,2025-10-23 to 2026-03-27,True,False,20.0,1.2,"[20, 21, 22, 23]","di_slope, adx_min=20, atr_ratio=1.2, avoid=[20, 21, 22, 23]",57,35.1,24.52,3.34,-8.0
NAS100_USD,15m,30.0,3.0,2,2.3,2025-10-23 to 2026-03-27,False,False,0.0,1.2,"[7, 8, 21, 22, 23]","atr_ratio=1.2, avoid=[7, 8, 21, 22, 23]",71,35.2,31.87,3.29,-8.7
NAS100_USD,15m,30.0,3.0,2,2.3,2025-10-23 to 2026-03-27,False,False,0.0,1.2,"[7, 8, 20, 21, 22, 23]","atr_ratio=1.2, avoid=[7, 8, 20, 21, 22, 23]",71,35.2,31.87,3.29,-8.7
NAS100_USD,15m,30.0,3.0,2,2.3,2025-10-23 to 2026-03-27,False,False,15.0,1.2,"[7, 8, 21, 22, 23]","adx_min=15, atr_ratio=1.2, avoid=[7, 8, 21, 22, 23]",71,35.2,31.87,3.29,-8.7
NAS100_USD,15m,30.0,3.0,2,2.3,2025-10-23 to 2026-03-27,False,False,15.0,1.2,"[7, 8, 20, 21, 22, 23]","adx_min=15, atr_ratio=1.2, avoid=[7, 8, 20, 21, 22, 23]",71,35.2,31.87,3.29,-8.7
NAS100_USD,15m,30.0,3.0,2,2.3,2025-10-23 to 2026-03-27,False,False,15.0,1.0,"[20, 21, 22, 23]","adx_min=15, atr_ratio=1.0, avoid=[20, 21, 22, 23]",84,35.7,41.06,3.28,-10.63
NAS100_USD,15m,30.0,3.0,2,2.3,2025-10-23 to 2026-03-27,False,False,15.0,0.0,"[20, 21, 22, 23]","adx_min=15, avoid=[20, 21, 22, 23]",106,35.8,55.24,3.25,-10.73
NAS100_USD,15m,30.0,3.0,2,2.3,2025-10-23 to 2026-03-27,False,False,0.0,1.0,"[7, 8, 20, 21, 22, 23]","atr_ratio=1.0, avoid=[7, 8, 20, 21, 22, 23]",82,35.4,38.34,3.22,-11.52
NAS100_USD,15m,30.0,3.0,2,2.3,2025-10-23 to 2026-03-27,False,True,0.0,0.0,"[21, 22, 23]","adx_rising, avoid=[21, 22, 23]",104,35.6,52.24,3.2,-10.52
NAS100_USD,15m,30.0,3.0,2,2.3,2025-10-23 to 2026-03-27,True,False,20.0,0.0,"[7, 8, 20, 21, 22, 23]","di_slope, adx_min=20, avoid=[7, 8, 20, 21, 22, 23]",96,35.4,46.5,3.2,-6.79
NAS100_USD,15m,30.0,3.0,2,2.3,2025-10-23 to 2026-03-27,False,False,0.0,0.0,"[7, 8, 20, 21, 22, 23]","avoid=[7, 8, 20, 21, 22, 23]",104,35.6,52.24,3.19,-12.51
NAS100_USD,15m,30.0,3.0,2,2.3,2025-10-23 to 2026-03-27,False,False,15.0,1.0,"[21, 22, 23]","adx_min=15, atr_ratio=1.0, avoid=[21, 22, 23]",85,35.3,39.65,3.16,-10.68
NAS100_USD,15m,30.0,3.0,2,2.3,2025-10-23 to 2026-03-27,False,True,0.0,1.0,"[21, 22, 23]","adx_rising, atr_ratio=1.0, avoid=[21, 22, 23]",82,35.4,38.34,3.16,-8.7
NAS100_USD,15m,30.0,3.0,2,2.3,2025-10-23 to 2026-03-27,False,False,15.0,0.0,"[21, 22, 23]","adx_min=15, avoid=[21, 22, 23]",107,35.5,53.69,3.15,-10.78
NAS100_USD,15m,30.0,3.0,2,2.3,2025-10-23 to 2026-03-27,True,False,25.0,1.2,"[7, 8]","di_slope, adx_min=25, atr_ratio=1.2, avoid=[7, 8]",49,34.7,19.83,3.14,-7.01
NAS100_USD,15m,30.0,3.0,2,2.3,2025-10-23 to 2026-03-27,True,False,25.0,1.2,"[7, 8, 21, 22, 23]","di_slope, adx_min=25, atr_ratio=1.2, avoid=[7, 8, 21, 22, 23]",49,34.7,19.83,3.14,-7.01
NAS100_USD,15m,30.0,3.0,2,2.3,2025-10-23 to 2026-03-27,True,False,25.0,1.2,"[7, 8, 20, 21, 22, 23]","di_slope, adx_min=25, atr_ratio=1.2, avoid=[7, 8, 20, 21, 22, 23]",49,34.7,19.83,3.14,-7.01
NAS100_USD,15m,30.0,3.0,2,2.3,2025-10-23 to 2026-03-27,False,False,0.0,0.0,"[7, 8, 21, 22, 23]","avoid=[7, 8, 21, 22, 23]",105,35.2,50.72,3.09,-12.56
NAS100_USD,15m,30.0,3.0,2,2.3,2025-10-23 to 2026-03-27,False,False,0.0,1.0,"[7, 8, 21, 22, 23]","atr_ratio=1.0, avoid=[7, 8, 21, 22, 23]",83,34.9,36.96,3.09,-11.57
NAS100_USD,15m,30.0,3.0,2,2.3,2025-10-23 to 2026-03-27,False,False,20.0,0.0,"[20, 21, 22, 23]","adx_min=20, avoid=[20, 21, 22, 23]",116,35.3,58.11,3.02,-12.25
NAS100_USD,15m,30.0,3.0,2,2.3,2025-10-23 to 2026-03-27,False,True,0.0,0.0,"[7, 8, 21, 22, 23]","adx_rising, avoid=[7, 8, 21, 22, 23]",100,35.0,46.42,3.02,-10.52
NAS100_USD,15m,30.0,3.0,2,2.3,2025-10-23 to 2026-03-27,True,False,20.0,0.0,"[7, 8, 21, 22, 23]","di_slope, adx_min=20, avoid=[7, 8, 21, 22, 23]",98,34.7,43.59,3.02,-6.79
NAS100_USD,15m,30.0,3.0,2,2.3,2025-10-23 to 2026-03-27,True,True,25.0,1.0,[7],"di_slope, adx_rising, adx_min=25, atr_ratio=1.0, avoid=[7]",55,34.5,22.12,3.02,-10.52
NAS100_USD,15m,30.0,3.0,2,2.3,2025-10-23 to 2026-03-27,True,True,25.0,1.0,"[7, 8]","di_slope, adx_rising, adx_min=25, atr_ratio=1.0, avoid=[7, 8]",52,34.6,20.97,3.02,-9.62
NAS100_USD,15m,30.0,3.0,2,2.3,2025-10-23 to 2026-03-27,True,True,25.0,1.0,"[7, 21, 22, 23]","di_slope, adx_rising, adx_min=25, atr_ratio=1.0, avoid=[7, 21, 22, 23]",55,34.5,22.12,3.02,-10.52
NAS100_USD,15m,30.0,3.0,2,2.3,2025-10-23 to 2026-03-27,True,True,25.0,1.0,"[7, 8, 21, 22, 23]","di_slope, adx_rising, adx_min=25, atr_ratio=1.0, avoid=[7, 8, 21, 22, 23]",52,34.6,20.97,3.02,-9.62
NAS100_USD,15m,30.0,3.0,2,2.3,2025-10-23 to 2026-03-27,True,True,25.0,1.0,"[7, 8, 20, 21, 22, 23]","di_slope, adx_rising, adx_min=25, atr_ratio=1.0, avoid=[7, 8, 20, 21, 22, 23]",52,34.6,20.97,3.02,-9.62
NAS100_USD,15m,30.0,3.0,2,2.3,2025-10-23 to 2026-03-27,True,True,20.0,0.0,"[7, 8]","di_slope, adx_rising, adx_min=20, avoid=[7, 8]",95,34.7,42.24,3.01,-6.79
NAS100_USD,15m,30.0,3.0,2,2.3,2025-10-23 to 2026-03-27,False,False,0.0,1.2,"[7, 21, 22, 23]","atr_ratio=1.2, avoid=[7, 21, 22, 23]",73,34.2,29.25,2.99,-8.7
NAS100_USD,15m,30.0,3.0,2,2.3,2025-10-23 to 2026-03-27,False,False,15.0,1.2,"[7, 21, 22, 23]","adx_min=15, atr_ratio=1.2, avoid=[7, 21, 22, 23]",73,34.2,29.25,2.99,-8.7
NAS100_USD,15m,30.0,3.0,2,2.3,2025-10-23 to 2026-03-27,False,False,25.0,1.2,"[7, 21, 22, 23]","adx_min=25, atr_ratio=1.2, avoid=[7, 21, 22, 23]",64,34.4,25.63,2.99,-9.67
NAS100_USD,15m,30.0,3.0,2,2.3,2025-10-23 to 2026-03-27,False,False,15.0,0.0,"[7, 8, 20, 21, 22, 23]","adx_min=15, avoid=[7, 8, 20, 21, 22, 23]",103,35.0,47.81,2.98,-11.62
NAS100_USD,15m,30.0,3.0,2,2.3,2025-10-23 to 2026-03-27,True,False,20.0,0.0,[7],"di_slope, adx_min=20, avoid=[7]",104,34.6,46.33,2.98,-6.79
NAS100_USD,15m,30.0,3.0,2,2.3,2025-10-23 to 2026-03-27,False,False,0.0,0.0,"[7, 21, 22, 23]","avoid=[7, 21, 22, 23]",106,34.9,49.21,2.97,-10.78
NAS100_USD,15m,30.0,3.0,2,2.3,2025-10-23 to 2026-03-27,False,False,15.0,1.0,"[7, 8, 20, 21, 22, 23]","adx_min=15, atr_ratio=1.0, avoid=[7, 8, 20, 21, 22, 23]",81,34.6,34.31,2.96,-11.52
NAS100_USD,15m,30.0,3.0,2,2.3,2025-10-23 to 2026-03-27,False,True,0.0,1.0,"[7, 8, 21, 22, 23]","adx_rising, atr_ratio=1.0, avoid=[7, 8, 21, 22, 23]",78,34.6,33.05,2.96,-8.7
NAS100_USD,15m,30.0,3.0,2,2.3,2025-10-23 to 2026-03-27,True,False,20.0,1.0,,"di_slope, adx_min=20, atr_ratio=1.0",87,34.5,36.87,2.93,-6.85
NAS100_USD,15m,30.0,3.0,2,2.3,2025-10-23 to 2026-03-27,False,True,15.0,1.0,"[21, 22, 23]","adx_rising, adx_min=15, atr_ratio=1.0, avoid=[21, 22, 23]",81,34.6,34.31,2.92,-8.7
NAS100_USD,15m,30.0,3.0,2,2.3,2025-10-23 to 2026-03-27,False,True,15.0,0.0,"[21, 22, 23]","adx_rising, adx_min=15, avoid=[21, 22, 23]",104,34.6,46.33,2.9,-10.52
NAS100_USD,15m,30.0,3.0,2,2.3,2025-10-23 to 2026-03-27,True,False,20.0,0.0,,"di_slope, adx_min=20",108,34.3,46.24,2.9,-6.79
NAS100_USD,15m,30.0,3.0,2,2.3,2025-10-23 to 2026-03-27,False,False,15.0,0.0,"[7, 8, 21, 22, 23]","adx_min=15, avoid=[7, 8, 21, 22, 23]",104,34.6,46.33,2.88,-11.68
NAS100_USD,15m,30.0,3.0,2,2.3,2025-10-23 to 2026-03-27,True,True,20.0,1.0,"[7, 8]","di_slope, adx_rising, adx_min=20, atr_ratio=1.0, avoid=[7, 8]",73,34.2,29.25,2.88,-8.81
NAS100_USD,15m,30.0,3.0,2,2.3,2025-10-23 to 2026-03-27,False,False,20.0,0.0,"[7, 8, 20, 21, 22, 23]","adx_min=20, avoid=[7, 8, 20, 21, 22, 23]",112,34.8,52.06,2.86,-13.13
NAS100_USD,15m,30.0,3.0,2,2.3,2025-10-23 to 2026-03-27,False,False,20.0,0.0,"[21, 22, 23]","adx_min=20, avoid=[21, 22, 23]",118,34.7,54.97,2.85,-12.3
NAS100_USD,15m,30.0,3.0,2,2.3,2025-10-23 to 2026-03-27,True,True,0.0,0.0,"[7, 8]","di_slope, adx_rising, avoid=[7, 8]",92,33.7,35.43,2.85,-7.73
NAS100_USD,15m,30.0,3.0,2,2.3,2025-10-23 to 2026-03-27,False,False,0.0,1.2,"[21, 22, 23]","atr_ratio=1.2, avoid=[21, 22, 23]",74,33.8,27.95,2.84,-8.7
NAS100_USD,15m,30.0,3.0,2,2.3,2025-10-23 to 2026-03-27,False,False,0.0,1.2,"[20, 21, 22, 23]","atr_ratio=1.2, avoid=[20, 21, 22, 23]",74,33.8,27.95,2.84,-8.7
NAS100_USD,15m,30.0,3.0,2,2.3,2025-10-23 to 2026-03-27,False,False,15.0,1.0,"[7, 8, 21, 22, 23]","adx_min=15, atr_ratio=1.0, avoid=[7, 8, 21, 22, 23]",82,34.1,32.97,2.84,-11.57
NAS100_USD,15m,30.0,3.0,2,2.3,2025-10-23 to 2026-03-27,False,False,15.0,1.2,"[21, 22, 23]","adx_min=15, atr_ratio=1.2, avoid=[21, 22, 23]",74,33.8,27.95,2.84,-8.7
NAS100_USD,15m,30.0,3.0,2,2.3,2025-10-23 to 2026-03-27,False,False,15.0,1.2,"[20, 21, 22, 23]","adx_min=15, atr_ratio=1.2, avoid=[20, 21, 22, 23]",74,33.8,27.95,2.84,-8.7
NAS100_USD,15m,30.0,3.0,2,2.3,2025-10-23 to 2026-03-27,False,False,0.0,1.0,"[7, 21, 22, 23]","atr_ratio=1.0, avoid=[7, 21, 22, 23]",85,34.1,34.23,2.83,-10.68
NAS100_USD,15m,30.0,3.0,2,2.3,2025-10-23 to 2026-03-27,False,False,20.0,1.0,"[20, 21, 22, 23]","adx_min=20, atr_ratio=1.0, avoid=[20, 21, 22, 23]",90,34.4,38.18,2.83,-13.33
NAS100_USD,15m,30.0,3.0,2,2.3,2025-10-23 to 2026-03-27,False,False,25.0,1.2,"[7, 8, 21, 22, 23]","adx_min=25, atr_ratio=1.2, avoid=[7, 8, 21, 22, 23]",62,33.9,23.2,2.82,-9.67
NAS100_USD,15m,30.0,3.0,2,2.3,2025-10-23 to 2026-03-27,False,False,25.0,1.2,"[7, 8, 20, 21, 22, 23]","adx_min=25, atr_ratio=1.2, avoid=[7, 8, 20, 21, 22, 23]",62,33.9,23.2,2.82,-9.67
NAS100_USD,15m,30.0,3.0,2,2.3,2025-10-23 to 2026-03-27,True,False,20.0,1.0,"[21, 22, 23]","di_slope, adx_min=20, atr_ratio=1.0, avoid=[21, 22, 23]",85,34.1,34.23,2.82,-7.94
NAS100_USD,15m,30.0,3.0,2,2.3,2025-10-23 to 2026-03-27,True,False,20.0,1.0,"[20, 21, 22, 23]","di_slope, adx_min=20, atr_ratio=1.0, avoid=[20, 21, 22, 23]",85,34.1,34.23,2.82,-7.94
NAS100_USD,15m,30.0,3.0,2,2.3,2025-10-23 to 2026-03-27,False,False,25.0,1.2,[7],"adx_min=25, atr_ratio=1.2, avoid=[7]",65,33.8,24.37,2.81,-9.67
NAS100_USD,15m,30.0,3.0,2,2.3,2025-10-23 to 2026-03-27,False,False,25.0,1.2,"[21, 22, 23]","adx_min=25, atr_ratio=1.2, avoid=[21, 22, 23]",65,33.8,24.37,2.81,-9.67
NAS100_USD,15m,30.0,3.0,2,2.3,2025-10-23 to 2026-03-27,False,False,25.0,1.2,"[20, 21, 22, 23]","adx_min=25, atr_ratio=1.2, avoid=[20, 21, 22, 23]",65,33.8,24.37,2.81,-9.67
NAS100_USD,15m,30.0,3.0,2,2.3,2025-10-23 to 2026-03-27,True,True,25.0,1.0,,"di_slope, adx_rising, adx_min=25, atr_ratio=1.0",56,33.9,20.9,2.81,-10.52
NAS100_USD,15m,30.0,3.0,2,2.3,2025-10-23 to 2026-03-27,True,True,25.0,1.0,"[21, 22, 23]","di_slope, adx_rising, adx_min=25, atr_ratio=1.0, avoid=[21, 22, 23]",56,33.9,20.9,2.81,-10.52
NAS100_USD,15m,30.0,3.0,2,2.3,2025-10-23 to 2026-03-27,True,True,25.0,1.0,"[20, 21, 22, 23]","di_slope, adx_rising, adx_min=25, atr_ratio=1.0, avoid=[20, 21, 22, 23]",56,33.9,20.9,2.81,-10.52
NAS100_USD,15m,30.0,3.0,2,2.3,2025-10-23 to 2026-03-27,False,True,0.0,0.0,"[7, 21, 22, 23]","adx_rising, avoid=[7, 21, 22, 23]",102,34.3,43.5,2.8,-10.52
NAS100_USD,15m,30.0,3.0,2,2.3,2025-10-23 to 2026-03-27,True,False,20.0,1.0,[7],"di_slope, adx_min=20, atr_ratio=1.0, avoid=[7]",85,34.1,34.23,2.8,-6.85
NAS100_USD,15m,30.0,3.0,2,2.3,2025-10-23 to 2026-03-27,True,True,20.0,1.2,"[7, 8]","di_slope, adx_rising, adx_min=20, atr_ratio=1.2, avoid=[7, 8]",51,33.3,17.44,2.77,-8.76
NAS100_USD,15m,30.0,3.0,2,2.3,2025-10-23 to 2026-03-27,True,True,20.0,1.2,"[7, 8, 21, 22, 23]","di_slope, adx_rising, adx_min=20, atr_ratio=1.2, avoid=[7, 8, 21, 22, 23]",51,33.3,17.44,2.77,-8.76
NAS100_USD,15m,30.0,3.0,2,2.3,2025-10-23 to 2026-03-27,True,True,20.0,1.2,"[7, 8, 20, 21, 22, 23]","di_slope, adx_rising, adx_min=20, atr_ratio=1.2, avoid=[7, 8, 20, 21, 22, 23]",51,33.3,17.44,2.77,-8.76
NAS100_USD,15m,30.0,3.0,2,2.3,2025-10-23 to 2026-03-27,False,False,20.0,1.0,"[7, 8, 20, 21, 22, 23]","adx_min=20, atr_ratio=1.0, avoid=[7, 8, 20, 21, 22, 23]",88,34.1,35.51,2.74,-13.13
NAS100_USD,15m,30.0,3.0,2,2.3,2025-10-23 to 2026-03-27,True,True,20.0,1.0,"[7, 8, 21, 22, 23]","di_slope, adx_rising, adx_min=20, atr_ratio=1.0, avoid=[7, 8, 21, 22, 23]",71,33.8,26.75,2.72,-8.81
NAS100_USD,15m,30.0,3.0,2,2.3,2025-10-23 to 2026-03-27,True,True,20.0,1.0,"[7, 8, 20, 21, 22, 23]","di_slope, adx_rising, adx_min=20, atr_ratio=1.0, avoid=[7, 8, 20, 21, 22, 23]",71,33.8,26.75,2.72,-8.81
NAS100_USD,15m,30.0,3.0,2,2.3,2025-10-23 to 2026-03-27,False,False,20.0,1.0,"[21, 22, 23]","adx_min=20, atr_ratio=1.0, avoid=[21, 22, 23]",91,34.1,36.79,2.71,-13.38
NAS100_USD,15m,30.0,3.0,2,2.3,2025-10-23 to 2026-03-27,False,True,15.0,0.0,"[7, 8, 21, 22, 23]","adx_rising, adx_min=15, avoid=[7, 8, 21, 22, 23]",100,34.0,40.73,2.71,-10.52
NAS100_USD,15m,30.0,3.0,2,2.3,2025-10-23 to 2026-03-27,False,True,15.0,1.0,"[7, 8, 21, 22, 23]","adx_rising, adx_min=15, atr_ratio=1.0, avoid=[7, 8, 21, 22, 23]",77,33.8,29.17,2.7,-8.7
NAS100_USD,15m,30.0,3.0,2,2.3,2025-10-23 to 2026-03-27,False,False,20.0,0.0,"[7, 8, 21, 22, 23]","adx_min=20, avoid=[7, 8, 21, 22, 23]",114,34.2,49.04,2.69,-13.18
NAS100_USD,15m,30.0,3.0,2,2.3,2025-10-23 to 2026-03-27,True,True,20.0,0.0,[7],"di_slope, adx_rising, adx_min=20, avoid=[7]",101,33.7,39.32,2.69,-7.73
NAS100_USD,15m,30.0,3.0,2,2.3,2025-10-23 to 2026-03-27,False,False,15.0,0.0,"[7, 21, 22, 23]","adx_min=15, avoid=[7, 21, 22, 23]",106,34.0,43.42,2.68,-10.78
NAS100_USD,15m,30.0,3.0,2,2.3,2025-10-23 to 2026-03-27,False,True,0.0,1.0,"[7, 21, 22, 23]","adx_rising, atr_ratio=1.0, avoid=[7, 21, 22, 23]",80,33.8,30.4,2.68,-8.7
NAS100_USD,15m,30.0,3.0,2,2.3,2025-10-23 to 2026-03-27,True,False,20.0,1.0,"[7, 21, 22, 23]","di_slope, adx_min=20, atr_ratio=1.0, avoid=[7, 21, 22, 23]",83,33.7,31.64,2.68,-7.94
NAS100_USD,15m,30.0,3.0,2,2.3,2025-10-23 to 2026-03-27,False,False,0.0,0.0,,base,106,34.0,43.42,2.67,-11.68
NAS100_USD,15m,30.0,3.0,2,2.3,2025-10-23 to 2026-03-27,False,True,0.0,1.0,"[20, 21, 22, 23]","adx_rising, atr_ratio=1.0, avoid=[20, 21, 22, 23]",86,33.7,32.89,2.66,-9.72
NAS100_USD,15m,30.0,3.0,2,2.3,2025-10-23 to 2026-03-27,False,False,0.0,1.2,"[7, 8]","atr_ratio=1.2, avoid=[7, 8]",72,33.3,25.48,2.65,-8.7
NAS100_USD,15m,30.0,3.0,2,2.3,2025-10-23 to 2026-03-27,False,False,15.0,1.2,"[7, 8]","adx_min=15, atr_ratio=1.2, avoid=[7, 8]",72,33.3,25.48,2.65,-8.7
NAS100_USD,15m,30.0,3.0,2,2.3,2025-10-23 to 2026-03-27,False,False,25.0,1.2,,"adx_min=25, atr_ratio=1.2",66,33.3,23.13,2.64,-9.67
NAS100_USD,15m,30.0,3.0,2,2.3,2025-10-23 to 2026-03-27,False,False,25.0,1.2,"[7, 8]","adx_min=25, atr_ratio=1.2, avoid=[7, 8]",63,33.3,21.97,2.63,-9.67
NAS100_USD,15m,30.0,3.0,2,2.3,2025-10-23 to 2026-03-27,False,False,20.0,1.0,"[7, 8, 21, 22, 23]","adx_min=20, atr_ratio=1.0, avoid=[7, 8, 21, 22, 23]",89,33.7,34.15,2.62,-13.18
NAS100_USD,15m,30.0,3.0,2,2.3,2025-10-23 to 2026-03-27,False,True,0.0,0.0,"[7, 8]","adx_rising, avoid=[7, 8]",98,33.7,38.01,2.62,-10.52
NAS100_USD,15m,30.0,3.0,2,2.3,2025-10-23 to 2026-03-27,True,False,0.0,1.0,"[7, 8, 21, 22, 23]","di_slope, atr_ratio=1.0, avoid=[7, 8, 21, 22, 23]",69,33.3,24.3,2.62,-8.81
NAS100_USD,15m,30.0,3.0,2,2.3,2025-10-23 to 2026-03-27,True,False,0.0,1.0,"[7, 8, 20, 21, 22, 23]","di_slope, atr_ratio=1.0, avoid=[7, 8, 20, 21, 22, 23]",69,33.3,24.3,2.62,-8.81
NAS100_USD,15m,30.0,3.0,2,2.3,2025-10-23 to 2026-03-27,True,False,15.0,1.0,"[7, 8, 21, 22, 23]","di_slope, adx_min=15, atr_ratio=1.0, avoid=[7, 8, 21, 22, 23]",69,33.3,24.3,2.62,-8.81
NAS100_USD,15m,30.0,3.0,2,2.3,2025-10-23 to 2026-03-27,True,False,15.0,1.0,"[7, 8, 20, 21, 22, 23]","di_slope, adx_min=15, atr_ratio=1.0, avoid=[7, 8, 20, 21, 22, 23]",69,33.3,24.3,2.62,-8.81
NAS100_USD,15m,30.0,3.0,2,2.3,2025-10-23 to 2026-03-27,False,False,0.0,0.0,"[7, 8]","avoid=[7, 8]",104,33.7,40.65,2.61,-13.43
NAS100_USD,15m,30.0,3.0,2,2.3,2025-10-23 to 2026-03-27,True,False,25.0,0.0,"[7, 8]","di_slope, adx_min=25, avoid=[7, 8]",78,33.3,27.88,2.61,-6.9
NAS100_USD,15m,30.0,3.0,2,2.3,2025-10-23 to 2026-03-27,True,False,20.0,0.0,"[20, 21, 22, 23]","di_slope, adx_min=20, avoid=[20, 21, 22, 23]",105,33.3,39.24,2.59,-7.73
NAS100_USD,15m,30.0,3.0,2,2.3,2025-10-23 to 2026-03-27,True,True,20.0,1.0,[7],"di_slope, adx_rising, adx_min=20, atr_ratio=1.0, avoid=[7]",78,33.3,27.88,2.59,-9.72
NAS100_USD,15m,30.0,3.0,2,2.3,2025-10-23 to 2026-03-27,False,False,15.0,1.0,"[7, 21, 22, 23]","adx_min=15, atr_ratio=1.0, avoid=[7, 21, 22, 23]",84,33.3,30.32,2.58,-10.68
NAS100_USD,15m,30.0,3.0,2,2.3,2025-10-23 to 2026-03-27,False,False,20.0,0.0,"[7, 8]","adx_min=20, avoid=[7, 8]",109,33.9,44.78,2.58,-13.18
NAS100_USD,15m,30.0,3.0,2,2.3,2025-10-23 to 2026-03-27,True,False,25.0,0.0,"[7, 8, 20, 21, 22, 23]","di_slope, adx_min=25, avoid=[7, 8, 20, 21, 22, 23]",75,33.3,26.67,2.57,-6.9
NAS100_USD,15m,30.0,3.0,2,2.3,2025-10-23 to 2026-03-27,False,False,25.0,0.0,[7],"adx_min=25, avoid=[7]",98,33.7,38.01,2.54,-10.73
NAS100_USD,15m,30.0,3.0,2,2.3,2025-10-23 to 2026-03-27,False,False,25.0,0.0,"[7, 21, 22, 23]","adx_min=25, avoid=[7, 21, 22, 23]",98,33.7,38.01,2.54,-10.73
NAS100_USD,15m,30.0,3.0,2,2.3,2025-10-23 to 2026-03-27,False,False,25.0,0.0,"[20, 21, 22, 23]","adx_min=25, avoid=[20, 21, 22, 23]",98,33.7,38.01,2.53,-10.73
NAS100_USD,15m,30.0,3.0,2,2.3,2025-10-23 to 2026-03-27,False,True,0.0,0.0,"[20, 21, 22, 23]","adx_rising, avoid=[20, 21, 22, 23]",111,33.3,41.9,2.53,-12.4
NAS100_USD,15m,30.0,3.0,2,2.3,2025-10-23 to 2026-03-27,True,True,20.0,0.0,,"di_slope, adx_rising, adx_min=20",103,33.0,36.55,2.51,-7.73
NAS100_USD,15m,30.0,3.0,2,2.3,2025-10-23 to 2026-03-27,True,True,25.0,1.2,,"di_slope, adx_rising, adx_min=25, atr_ratio=1.2",46,32.6,14.09,2.51,-8.7
NAS100_USD,15m,30.0,3.0,2,2.3,2025-10-23 to 2026-03-27,True,True,25.0,1.2,[7],"di_slope, adx_rising, adx_min=25, atr_ratio=1.2, avoid=[7]",46,32.6,14.09,2.51,-8.7
NAS100_USD,15m,30.0,3.0,2,2.3,2025-10-23 to 2026-03-27,True,True,25.0,1.2,"[21, 22, 23]","di_slope, adx_rising, adx_min=25, atr_ratio=1.2, avoid=[21, 22, 23]",46,32.6,14.09,2.51,-8.7
NAS100_USD,15m,30.0,3.0,2,2.3,2025-10-23 to 2026-03-27,True,True,25.0,1.2,"[7, 21, 22, 23]","di_slope, adx_rising, adx_min=25, atr_ratio=1.2, avoid=[7, 21, 22, 23]",46,32.6,14.09,2.51,-8.7
NAS100_USD,15m,30.0,3.0,2,2.3,2025-10-23 to 2026-03-27,True,True,25.0,1.2,"[20, 21, 22, 23]","di_slope, adx_rising, adx_min=25, atr_ratio=1.2, avoid=[20, 21, 22, 23]",46,32.6,14.09,2.51,-8.7
NAS100_USD,15m,30.0,3.0,2,2.3,2025-10-23 to 2026-03-27,True,True,25.0,1.2,"[0, 1, 2, 3, 4, 5]","di_slope, adx_rising, adx_min=25, atr_ratio=1.2, avoid=[0, 1, 2, 3, 4, 5]",46,32.6,14.09,2.51,-8.7
NAS100_USD,15m,30.0,3.0,2,2.3,2025-10-23 to 2026-03-27,False,False,0.0,0.0,[7],avoid=[7],105,33.3,39.24,2.5,-11.68
NAS100_USD,15m,30.0,3.0,2,2.3,2025-10-23 to 2026-03-27,False,True,15.0,0.0,"[7, 21, 22, 23]","adx_rising, adx_min=15, avoid=[7, 21, 22, 23]",102,33.3,37.93,2.5,-10.52
NAS100_USD,15m,30.0,3.0,2,2.3,2025-10-23 to 2026-03-27,False,True,0.0,0.0,,adx_rising,102,33.3,37.93,2.48,-10.52
NAS100_USD,15m,30.0,3.0,2,2.3,2025-10-23 to 2026-03-27,True,False,0.0,0.0,"[7, 8]","di_slope, avoid=[7, 8]",92,32.6,30.17,2.48,-9.56
NAS100_USD,15m,30.0,3.0,2,2.3,2025-10-23 to 2026-03-27,True,True,20.0,0.0,"[7, 8, 21, 22, 23]","di_slope, adx_rising, adx_min=20, avoid=[7, 8, 21, 22, 23]",94,33.0,32.73,2.48,-6.79
NAS100_USD,15m,30.0,3.0,2,2.3,2025-10-23 to 2026-03-27,False,False,20.0,0.0,,adx_min=20,113,33.6,44.7,2.47,-12.3
NAS100_USD,15m,30.0,3.0,2,2.3,2025-10-23 to 2026-03-27,False,False,0.0,1.0,"[7, 8]","atr_ratio=1.0, avoid=[7, 8]",85,32.9,29.02,2.46,-11.57
NAS100_USD,15m,30.0,3.0,2,2.3,2025-10-23 to 2026-03-27,False,False,25.0,1.2,"[0, 1, 2, 3, 4, 5]","adx_min=25, atr_ratio=1.2, avoid=[0, 1, 2, 3, 4, 5]",64,32.8,20.75,2.46,-8.76
NAS100_USD,15m,30.0,3.0,2,2.3,2025-10-23 to 2026-03-27,False,True,20.0,0.0,"[21, 22, 23]","adx_rising, adx_min=20, avoid=[21, 22, 23]",120,33.3,45.98,2.46,-13.28
NAS100_USD,15m,30.0,3.0,2,2.3,2025-10-23 to 2026-03-27,True,True,15.0,0.0,"[7, 8]","di_slope, adx_rising, adx_min=15, avoid=[7, 8]",92,32.6,30.17,2.46,-7.73
NAS100_USD,15m,30.0,3.0,2,2.3,2025-10-23 to 2026-03-27,True,True,20.0,1.0,,"di_slope, adx_rising, adx_min=20, atr_ratio=1.0",79,32.9,26.6,2.45,-9.72
NAS100_USD,15m,30.0,3.0,2,2.3,2025-10-23 to 2026-03-27,False,True,0.0,1.0,"[7, 8, 20, 21, 22, 23]","adx_rising, atr_ratio=1.0, avoid=[7, 8, 20, 21, 22, 23]",82,32.9,27.8,2.44,-9.72
NAS100_USD,15m,30.0,3.0,2,2.3,2025-10-23 to 2026-03-27,False,False,20.0,0.0,"[7, 21, 22, 23]","adx_min=20, avoid=[7, 21, 22, 23]",117,33.3,44.61,2.43,-12.3
NAS100_USD,15m,30.0,3.0,2,2.3,2025-10-23 to 2026-03-27,False,False,0.0,1.0,,atr_ratio=1.0,88,33.0,30.24,2.42,-10.68
NAS100_USD,15m,30.0,3.0,2,2.3,2025-10-23 to 2026-03-27,False,False,25.0,0.0,,adx_min=25,99,33.3,36.63,2.42,-10.73
NAS100_USD,15m,30.0,3.0,2,2.3,2025-10-23 to 2026-03-27,False,False,25.0,0.0,"[21, 22, 23]","adx_min=25, avoid=[21, 22, 23]",99,33.3,36.63,2.42,-10.73
NAS100_USD,15m,30.0,3.0,2,2.3,2025-10-23 to 2026-03-27,False,True,15.0,1.0,"[7, 21, 22, 23]","adx_rising, adx_min=15, atr_ratio=1.0, avoid=[7, 21, 22, 23]",79,32.9,26.6,2.42,-8.7
NAS100_USD,15m,30.0,3.0,2,2.3,2025-10-23 to 2026-03-27,True,False,20.0,0.0,"[21, 22, 23]","di_slope, adx_min=20, avoid=[21, 22, 23]",107,32.7,36.47,2.42,-7.73
NAS100_USD,15m,30.0,3.0,2,2.3,2025-10-23 to 2026-03-27,False,True,15.0,1.0,"[20, 21, 22, 23]","adx_rising, adx_min=15, atr_ratio=1.0, avoid=[20, 21, 22, 23]",85,32.9,29.02,2.41,-9.72
NAS100_USD,15m,30.0,3.0,2,2.3,2025-10-23 to 2026-03-27,False,False,15.0,0.0,"[7, 8]","adx_min=15, avoid=[7, 8]",103,33.0,36.55,2.4,-12.56
NAS100_USD,15m,30.0,3.0,2,2.3,2025-10-23 to 2026-03-27,False,True,0.0,0.0,[7],"adx_rising, avoid=[7]",100,33.0,35.27,2.4,-10.52
NAS100_USD,15m,30.0,3.0,2,2.3,2025-10-23 to 2026-03-27,False,False,20.0,1.2,"[7, 8, 21, 22, 23]","adx_min=20, atr_ratio=1.2, avoid=[7, 8, 21, 22, 23]",68,32.4,20.68,2.39,-10.57
NAS100_USD,15m,30.0,3.0,2,2.3,2025-10-23 to 2026-03-27,False,False,20.0,1.2,"[7, 8, 20, 21, 22, 23]","adx_min=20, atr_ratio=1.2, avoid=[7, 8, 20, 21, 22, 23]",68,32.4,20.68,2.39,-10.57
NAS100_USD,15m,30.0,3.0,2,2.3,2025-10-23 to 2026-03-27,True,False,20.0,0.0,"[7, 21, 22, 23]","di_slope, adx_min=20, avoid=[7, 21, 22, 23]",104,32.7,35.19,2.39,-7.73
NAS100_USD,15m,30.0,3.0,2,2.3,2025-10-23 to 2026-03-27,False,False,25.0,1.0,"[7, 21, 22, 23]","adx_min=25, atr_ratio=1.0, avoid=[7, 21, 22, 23]",82,32.9,27.8,2.38,-13.38
NAS100_USD,15m,30.0,3.0,2,2.3,2025-10-23 to 2026-03-27,False,False,0.0,1.2,[7],"atr_ratio=1.2, avoid=[7]",74,32.4,22.99,2.37,-8.7
NAS100_USD,15m,30.0,3.0,2,2.3,2025-10-23 to 2026-03-27,False,False,15.0,0.0,,adx_min=15,106,33.0,37.85,2.37,-11.68
NAS100_USD,15m,30.0,3.0,2,2.3,2025-10-23 to 2026-03-27,False,False,15.0,1.2,[7],"adx_min=15, atr_ratio=1.2, avoid=[7]",74,32.4,22.99,2.37,-8.7
NAS100_USD,15m,30.0,3.0,2,2.3,2025-10-23 to 2026-03-27,False,False,0.0,1.2,"[0, 1, 2, 3, 4, 5]","atr_ratio=1.2, avoid=[0, 1, 2, 3, 4, 5]",74,32.4,22.99,2.36,-7.78
NAS100_USD,15m,30.0,3.0,2,2.3,2025-10-23 to 2026-03-27,False,False,15.0,1.2,"[0, 1, 2, 3, 4, 5]","adx_min=15, atr_ratio=1.2, avoid=[0, 1, 2, 3, 4, 5]",74,32.4,22.99,2.36,-7.78
NAS100_USD,15m,30.0,3.0,2,2.3,2025-10-23 to 2026-03-27,False,False,25.0,1.0,"[20, 21, 22, 23]","adx_min=25, atr_ratio=1.0, avoid=[20, 21, 22, 23]",82,32.9,27.8,2.36,-13.33
NAS100_USD,15m,30.0,3.0,2,2.3,2025-10-23 to 2026-03-27,False,True,20.0,0.0,"[7, 8, 21, 22, 23]","adx_rising, adx_min=20, avoid=[7, 8, 21, 22, 23]",115,33.0,41.82,2.36,-13.28
NAS100_USD,15m,30.0,3.0,2,2.3,2025-10-23 to 2026-03-27,False,True,0.0,0.0,"[7, 8, 20, 21, 22, 23]","adx_rising, avoid=[7, 8, 20, 21, 22, 23]",107,32.7,36.47,2.34,-12.4
NAS100_USD,15m,30.0,3.0,2,2.3,2025-10-23 to 2026-03-27,False,True,15.0,0.0,"[20, 21, 22, 23]","adx_rising, adx_min=15, avoid=[20, 21, 22, 23]",110,32.7,37.77,2.33,-12.4
NAS100_USD,15m,30.0,3.0,2,2.3,2025-10-23 to 2026-03-27,True,False,25.0,0.0,"[7, 8, 21, 22, 23]","di_slope, adx_min=25, avoid=[7, 8, 21, 22, 23]",77,32.5,24.15,2.33,-6.9
NAS100_USD,15m,30.0,3.0,2,2.3,2025-10-23 to 2026-03-27,False,False,20.0,0.0,[7],"adx_min=20, avoid=[7]",112,33.0,40.48,2.32,-12.3
NAS100_USD,15m,30.0,3.0,2,2.3,2025-10-23 to 2026-03-27,False,True,0.0,1.0,"[7, 8]","adx_rising, atr_ratio=1.0, avoid=[7, 8]",80,32.5,25.33,2.31,-8.7
NAS100_USD,15m,30.0,3.0,2,2.3,2025-10-23 to 2026-03-27,True,True,20.0,1.0,"[7, 21, 22, 23]","di_slope, adx_rising, adx_min=20, atr_ratio=1.0, avoid=[7, 21, 22, 23]",77,32.5,24.15,2.31,-9.88
NAS100_USD,15m,30.0,3.0,2,2.3,2025-10-23 to 2026-03-27,False,False,25.0,0.0,"[7, 8, 20, 21, 22, 23]","adx_min=25, avoid=[7, 8, 20, 21, 22, 23]",94,33.0,32.73,2.3,-10.73
NAS100_USD,15m,30.0,3.0,2,2.3,2025-10-23 to 2026-03-27,False,True,15.0,0.0,"[7, 8]","adx_rising, adx_min=15, avoid=[7, 8]",98,32.7,32.65,2.29,-10.52
NAS100_USD,15m,30.0,3.0,2,2.3,2025-10-23 to 2026-03-27,True,False,15.0,0.0,"[7, 8, 20, 21, 22, 23]","di_slope, adx_min=15, avoid=[7, 8, 20, 21, 22, 23]",87,32.2,26.45,2.29,-8.65
NAS100_USD,15m,30.0,3.0,2,2.3,2025-10-23 to 2026-03-27,True,False,20.0,1.0,"[0, 1, 2, 3, 4, 5]","di_slope, adx_min=20, atr_ratio=1.0, avoid=[0, 1, 2, 3, 4, 5]",87,32.2,26.45,2.28,-8.7
NAS100_USD,15m,30.0,3.0,2,2.3,2025-10-23 to 2026-03-27,False,False,25.0,1.0,[7],"adx_min=25, atr_ratio=1.0, avoid=[7]",83,32.5,26.52,2.27,-13.38
NAS100_USD,15m,30.0,3.0,2,2.3,2025-10-23 to 2026-03-27,False,True,20.0,1.0,"[21, 22, 23]","adx_rising, adx_min=20, atr_ratio=1.0, avoid=[21, 22, 23]",92,32.6,30.17,2.26,-12.4
NAS100_USD,15m,30.0,3.0,2,2.3,2025-10-23 to 2026-03-27,False,True,20.0,1.0,"[7, 8, 21, 22, 23]","adx_rising, adx_min=20, atr_ratio=1.0, avoid=[7, 8, 21, 22, 23]",89,32.6,28.94,2.26,-12.4
NAS100_USD,15m,30.0,3.0,2,2.3,2025-10-23 to 2026-03-27,False,False,20.0,1.2,"[7, 21, 22, 23]","adx_min=20, atr_ratio=1.2, avoid=[7, 21, 22, 23]",69,31.9,19.47,2.25,-10.63
NAS100_USD,15m,30.0,3.0,2,2.3,2025-10-23 to 2026-03-27,True,True,0.0,0.0,[7],"di_slope, adx_rising, avoid=[7]",97,32.0,28.79,2.25,-8.65
NAS100_USD,15m,30.0,3.0,2,2.3,2025-10-23 to 2026-03-27,True,True,20.0,0.0,"[7, 8, 20, 21, 22, 23]","di_slope, adx_rising, adx_min=20, avoid=[7, 8, 20, 21, 22, 23]",93,32.3,28.86,2.25,-6.79
NAS100_USD,15m,30.0,3.0,2,2.3,2025-10-23 to 2026-03-27,False,False,25.0,1.0,"[21, 22, 23]","adx_min=25, atr_ratio=1.0, avoid=[21, 22, 23]",83,32.5,26.52,2.24,-13.38
NAS100_USD,15m,30.0,3.0,2,2.3,2025-10-23 to 2026-03-27,False,True,20.0,0.0,"[7, 8]","adx_rising, adx_min=20, avoid=[7, 8]",110,32.7,37.77,2.24,-13.28
NAS100_USD,15m,30.0,3.0,2,2.3,2025-10-23 to 2026-03-27,True,False,25.0,0.0,,"di_slope, adx_min=25",81,32.1,24.08,2.24,-7.94
NAS100_USD,15m,30.0,3.0,2,2.3,2025-10-23 to 2026-03-27,True,False,25.0,0.0,[7],"di_slope, adx_min=25, avoid=[7]",81,32.1,24.08,2.24,-7.94
NAS100_USD,15m,30.0,3.0,2,2.3,2025-10-23 to 2026-03-27,False,False,0.0,1.2,,atr_ratio=1.2,75,32.0,21.76,2.23,-8.7
NAS100_USD,15m,30.0,3.0,2,2.3,2025-10-23 to 2026-03-27,False,False,15.0,1.2,,"adx_min=15, atr_ratio=1.2",75,32.0,21.76,2.23,-8.7
NAS100_USD,15m,30.0,3.0,2,2.3,2025-10-23 to 2026-03-27,True,True,25.0,1.2,"[7, 8]","di_slope, adx_rising, adx_min=25, atr_ratio=1.2, avoid=[7, 8]",44,31.8,11.89,2.23,-7.89
NAS100_USD,15m,30.0,3.0,2,2.3,2025-10-23 to 2026-03-27,True,True,25.0,1.2,"[7, 8, 21, 22, 23]","di_slope, adx_rising, adx_min=25, atr_ratio=1.2, avoid=[7, 8, 21, 22, 23]",44,31.8,11.89,2.23,-7.89
NAS100_USD,15m,30.0,3.0,2,2.3,2025-10-23 to 2026-03-27,True,True,25.0,1.2,"[7, 8, 20, 21, 22, 23]","di_slope, adx_rising, adx_min=25, atr_ratio=1.2, avoid=[7, 8, 20, 21, 22, 23]",44,31.8,11.89,2.23,-7.89
NAS100_USD,15m,30.0,3.0,2,2.3,2025-10-23 to 2026-03-27,False,False,0.0,1.0,[7],"atr_ratio=1.0, avoid=[7]",87,32.2,26.45,2.22,-10.68
NAS100_USD,15m,30.0,3.0,2,2.3,2025-10-23 to 2026-03-27,False,False,25.0,1.0,"[7, 8, 20, 21, 22, 23]","adx_min=25, atr_ratio=1.0, avoid=[7, 8, 20, 21, 22, 23]",80,32.5,25.33,2.21,-11.62
NAS100_USD,15m,30.0,3.0,2,2.3,2025-10-23 to 2026-03-27,False,True,25.0,0.0,[7],"adx_rising, adx_min=25, avoid=[7]",102,32.4,32.57,2.21,-14.2
NAS100_USD,15m,30.0,3.0,2,2.3,2025-10-23 to 2026-03-27,True,False,15.0,1.0,"[21, 22, 23]","di_slope, adx_min=15, atr_ratio=1.0, avoid=[21, 22, 23]",75,32.0,21.76,2.21,-8.81
NAS100_USD,15m,30.0,3.0,2,2.3,2025-10-23 to 2026-03-27,True,False,15.0,1.0,"[20, 21, 22, 23]","di_slope, adx_min=15, atr_ratio=1.0, avoid=[20, 21, 22, 23]",75,32.0,21.76,2.21,-8.81
NAS100_USD,15m,30.0,3.0,2,2.3,2025-10-23 to 2026-03-27,False,False,15.0,0.0,[7],"adx_min=15, avoid=[7]",105,32.4,33.83,2.2,-11.68
NAS100_USD,15m,30.0,3.0,2,2.3,2025-10-23 to 2026-03-27,False,False,15.0,1.0,"[7, 8]","adx_min=15, atr_ratio=1.0, avoid=[7, 8]",84,32.1,25.26,2.2,-11.57
NAS100_USD,15m,30.0,3.0,2,2.3,2025-10-23 to 2026-03-27,False,False,25.0,0.0,"[7, 8]","adx_min=25, avoid=[7, 8]",95,32.6,31.4,2.2,-10.73
NAS100_USD,15m,30.0,3.0,2,2.3,2025-10-23 to 2026-03-27,False,False,25.0,0.0,"[7, 8, 21, 22, 23]","adx_min=25, avoid=[7, 8, 21, 22, 23]",95,32.6,31.4,2.2,-10.73
NAS100_USD,15m,30.0,3.0,2,2.3,2025-10-23 to 2026-03-27,False,True,20.0,0.0,"[20, 21, 22, 23]","adx_rising, adx_min=20, avoid=[20, 21, 22, 23]",120,32.5,40.31,2.2,-16.65
NAS100_USD,15m,30.0,3.0,2,2.3,2025-10-23 to 2026-03-27,False,True,0.0,1.2,"[7, 8, 21, 22, 23]","adx_rising, atr_ratio=1.2, avoid=[7, 8, 21, 22, 23]",63,31.7,17.24,2.18,-9.72
NAS100_USD,15m,30.0,3.0,2,2.3,2025-10-23 to 2026-03-27,False,True,15.0,0.0,,"adx_rising, adx_min=15",102,32.4,32.57,2.18,-10.52
NAS100_USD,15m,30.0,3.0,2,2.3,2025-10-23 to 2026-03-27,False,True,15.0,1.0,"[7, 8, 20, 21, 22, 23]","adx_rising, adx_min=15, atr_ratio=1.0, avoid=[7, 8, 20, 21, 22, 23]",81,32.1,24.08,2.18,-9.72
NAS100_USD,15m,30.0,3.0,2,2.3,2025-10-23 to 2026-03-27,False,True,15.0,1.2,"[7, 8, 21, 22, 23]","adx_rising, adx_min=15, atr_ratio=1.2, avoid=[7, 8, 21, 22, 23]",63,31.7,17.24,2.18,-9.72
NAS100_USD,15m,30.0,3.0,2,2.3,2025-10-23 to 2026-03-27,True,False,0.0,0.0,"[7, 8, 20, 21, 22, 23]","di_slope, avoid=[7, 8, 20, 21, 22, 23]",88,31.8,25.19,2.18,-9.56
NAS100_USD,15m,30.0,3.0,2,2.3,2025-10-23 to 2026-03-27,True,False,25.0,0.0,"[20, 21, 22, 23]","di_slope, adx_min=25, avoid=[20, 21, 22, 23]",78,32.1,22.91,2.18,-7.89
NAS100_USD,15m,30.0,3.0,2,2.3,2025-10-23 to 2026-03-27,False,False,15.0,1.0,,"adx_min=15, atr_ratio=1.0",87,32.2,26.45,2.17,-10.68
NAS100_USD,15m,30.0,3.0,2,2.3,2025-10-23 to 2026-03-27,False,False,20.0,1.0,"[7, 21, 22, 23]","adx_min=20, atr_ratio=1.0, avoid=[7, 21, 22, 23]",90,32.2,27.65,2.17,-13.38
NAS100_USD,15m,30.0,3.0,2,2.3,2025-10-23 to 2026-03-27,True,True,20.0,1.0,"[21, 22, 23]","di_slope, adx_rising, adx_min=20, atr_ratio=1.0, avoid=[21, 22, 23]",78,32.1,22.91,2.17,-9.88
NAS100_USD,15m,30.0,3.0,2,2.3,2025-10-23 to 2026-03-27,True,True,20.0,1.0,"[20, 21, 22, 23]","di_slope, adx_rising, adx_min=20, atr_ratio=1.0, avoid=[20, 21, 22, 23]",78,32.1,22.91,2.17,-9.88
NAS100_USD,15m,30.0,3.0,2,2.3,2025-10-23 to 2026-03-27,True,True,20.0,1.2,,"di_slope, adx_rising, adx_min=20, atr_ratio=1.2",54,31.5,13.96,2.17,-9.88
NAS100_USD,15m,30.0,3.0,2,2.3,2025-10-23 to 2026-03-27,True,True,20.0,1.2,[7],"di_slope, adx_rising, adx_min=20, atr_ratio=1.2, avoid=[7]",54,31.5,13.96,2.17,-9.88
NAS100_USD,15m,30.0,3.0,2,2.3,2025-10-23 to 2026-03-27,True,True,20.0,1.2,"[21, 22, 23]","di_slope, adx_rising, adx_min=20, atr_ratio=1.2, avoid=[21, 22, 23]",54,31.5,13.96,2.17,-9.88
NAS100_USD,15m,30.0,3.0,2,2.3,2025-10-23 to 2026-03-27,True,True,20.0,1.2,"[7, 21, 22, 23]","di_slope, adx_rising, adx_min=20, atr_ratio=1.2, avoid=[7, 21, 22, 23]",54,31.5,13.96,2.17,-9.88
NAS100_USD,15m,30.0,3.0,2,2.3,2025-10-23 to 2026-03-27,True,True,20.0,1.2,"[20, 21, 22, 23]","di_slope, adx_rising, adx_min=20, atr_ratio=1.2, avoid=[20, 21, 22, 23]",54,31.5,13.96,2.17,-9.88
NAS100_USD,15m,30.0,3.0,2,2.3,2025-10-23 to 2026-03-27,True,True,20.0,1.2,"[0, 1, 2, 3, 4, 5]","di_slope, adx_rising, adx_min=20, atr_ratio=1.2, avoid=[0, 1, 2, 3, 4, 5]",54,31.5,13.96,2.17,-9.88
NAS100_USD,15m,30.0,3.0,2,2.3,2025-10-23 to 2026-03-27,False,False,20.0,1.0,"[7, 8]","adx_min=20, atr_ratio=1.0, avoid=[7, 8]",90,32.2,27.65,2.15,-13.18
NAS100_USD,15m,30.0,3.0,2,2.3,2025-10-23 to 2026-03-27,False,True,0.0,1.0,,"adx_rising, atr_ratio=1.0",84,32.1,25.26,2.15,-9.72
NAS100_USD,15m,30.0,3.0,2,2.3,2025-10-23 to 2026-03-27,True,False,25.0,1.0,"[0, 1, 2, 3, 4, 5]","di_slope, adx_min=25, atr_ratio=1.0, avoid=[0, 1, 2, 3, 4, 5]",66,31.8,18.35,2.15,-5.85
NAS100_USD,15m,30.0,3.0,2,2.3,2025-10-23 to 2026-03-27,False,False,25.0,1.0,,"adx_min=25, atr_ratio=1.0",84,32.1,25.26,2.13,-13.38
NAS100_USD,15m,30.0,3.0,2,2.3,2025-10-23 to 2026-03-27,False,True,15.0,0.0,"[7, 8, 20, 21, 22, 23]","adx_rising, adx_min=15, avoid=[7, 8, 20, 21, 22, 23]",106,32.1,32.5,2.13,-12.4
NAS100_USD,15m,30.0,3.0,2,2.3,2025-10-23 to 2026-03-27,False,True,20.0,0.0,"[7, 21, 22, 23]","adx_rising, adx_min=20, avoid=[7, 21, 22, 23]",118,32.2,37.6,2.11,-13.28
NAS100_USD,15m,30.0,3.0,2,2.3,2025-10-23 to 2026-03-27,True,True,15.0,0.0,[7],"di_slope, adx_rising, adx_min=15, avoid=[7]",95,31.6,26.3,2.11,-8.65
NAS100_USD,15m,30.0,3.0,2,2.3,2025-10-23 to 2026-03-27,False,True,20.0,0.0,"[7, 8, 20, 21, 22, 23]","adx_rising, adx_min=20, avoid=[7, 8, 20, 21, 22, 23]",115,32.2,36.31,2.1,-16.65
NAS100_USD,15m,30.0,3.0,2,2.3,2025-10-23 to 2026-03-27,True,True,15.0,0.0,"[7, 8, 21, 22, 23]","di_slope, adx_rising, adx_min=15, avoid=[7, 8, 21, 22, 23]",89,31.5,23.93,2.1,-7.89
NAS100_USD,15m,30.0,3.0,2,2.3,2025-10-23 to 2026-03-27,False,False,20.0,1.2,"[21, 22, 23]","adx_min=20, atr_ratio=1.2, avoid=[21, 22, 23]",70,31.4,18.28,2.09,-10.63
NAS100_USD,15m,30.0,3.0,2,2.3,2025-10-23 to 2026-03-27,False,False,20.0,1.2,"[20, 21, 22, 23]","adx_min=20, atr_ratio=1.2, avoid=[20, 21, 22, 23]",70,31.4,18.28,2.09,-10.63
NAS100_USD,15m,30.0,3.0,2,2.3,2025-10-23 to 2026-03-27,False,False,25.0,1.0,"[7, 8, 21, 22, 23]","adx_min=25, atr_ratio=1.0, avoid=[7, 8, 21, 22, 23]",81,32.1,24.08,2.09,-11.68
NAS100_USD,15m,30.0,3.0,2,2.3,2025-10-23 to 2026-03-27,False,True,15.0,0.0,[7],"adx_rising, adx_min=15, avoid=[7]",100,32.0,30.01,2.08,-10.52
NAS100_USD,15m,30.0,3.0,2,2.3,2025-10-23 to 2026-03-27,True,False,15.0,0.0,"[7, 8, 21, 22, 23]","di_slope, adx_min=15, avoid=[7, 8, 21, 22, 23]",89,31.5,23.93,2.08,-8.65
NAS100_USD,15m,30.0,3.0,2,2.3,2025-10-23 to 2026-03-27,True,True,20.0,0.0,"[7, 21, 22, 23]","di_slope, adx_rising, adx_min=20, avoid=[7, 21, 22, 23]",101,31.7,28.71,2.08,-7.94
NAS100_USD,15m,30.0,3.0,2,2.3,2025-10-23 to 2026-03-27,True,False,0.0,1.0,"[21, 22, 23]","di_slope, atr_ratio=1.0, avoid=[21, 22, 23]",76,31.6,20.54,2.07,-8.81
NAS100_USD,15m,30.0,3.0,2,2.3,2025-10-23 to 2026-03-27,True,False,0.0,1.0,"[20, 21, 22, 23]","di_slope, atr_ratio=1.0, avoid=[20, 21, 22, 23]",76,31.6,20.54,2.07,-8.81
NAS100_USD,15m,30.0,3.0,2,2.3,2025-10-23 to 2026-03-27,False,True,20.0,0.0,,"adx_rising, adx_min=20",115,32.2,36.31,2.06,-13.28
NAS100_USD,15m,30.0,3.0,2,2.3,2025-10-23 to 2026-03-27,False,True,0.0,1.0,[7],"adx_rising, atr_ratio=1.0, avoid=[7]",82,31.7,22.84,2.05,-8.81
NAS100_USD,15m,30.0,3.0,2,2.3,2025-10-23 to 2026-03-27,True,False,0.0,1.0,"[7, 8]","di_slope, atr_ratio=1.0, avoid=[7, 8]",73,31.5,19.4,2.05,-8.92
NAS100_USD,15m,30.0,3.0,2,2.3,2025-10-23 to 2026-03-27,True,False,15.0,1.0,"[7, 8]","di_slope, adx_min=15, atr_ratio=1.0, avoid=[7, 8]",73,31.5,19.4,2.05,-8.92
NAS100_USD,15m,30.0,3.0,2,2.3,2025-10-23 to 2026-03-27,True,False,15.0,1.0,"[7, 21, 22, 23]","di_slope, adx_min=15, atr_ratio=1.0, avoid=[7, 21, 22, 23]",73,31.5,19.4,2.04,-8.81
NAS100_USD,15m,30.0,3.0,2,2.3,2025-10-23 to 2026-03-27,True,True,0.0,1.0,"[7, 8]","di_slope, adx_rising, atr_ratio=1.0, avoid=[7, 8]",70,31.4,18.28,2.04,-10.57
NAS100_USD,15m,30.0,3.0,2,2.3,2025-10-23 to 2026-03-27,True,True,15.0,1.0,"[7, 8]","di_slope, adx_rising, adx_min=15, atr_ratio=1.0, avoid=[7, 8]",70,31.4,18.28,2.04,-10.57
NAS100_USD,15m,30.0,3.0,2,2.3,2025-10-23 to 2026-03-27,False,True,15.0,1.0,"[7, 8]","adx_rising, adx_min=15, atr_ratio=1.0, avoid=[7, 8]",79,31.6,21.68,2.03,-8.7
NAS100_USD,15m,30.0,3.0,2,2.3,2025-10-23 to 2026-03-27,False,True,20.0,1.0,"[20, 21, 22, 23]","adx_rising, adx_min=20, atr_ratio=1.0, avoid=[20, 21, 22, 23]",91,31.9,26.38,2.03,-14.96
NAS100_USD,15m,30.0,3.0,2,2.3,2025-10-23 to 2026-03-27,False,True,20.0,1.0,"[7, 8, 20, 21, 22, 23]","adx_rising, adx_min=20, atr_ratio=1.0, avoid=[7, 8, 20, 21, 22, 23]",88,31.8,25.19,2.02,-14.96
NAS100_USD,15m,30.0,3.0,2,2.3,2025-10-23 to 2026-03-27,False,True,25.0,0.0,,"adx_rising, adx_min=25",104,31.7,29.94,2.0,-14.2
NAS100_USD,15m,30.0,3.0,2,2.3,2025-10-23 to 2026-03-27,True,True,0.0,1.0,"[7, 8, 21, 22, 23]","di_slope, adx_rising, atr_ratio=1.0, avoid=[7, 8, 21, 22, 23]",67,31.3,17.17,2.0,-10.57
NAS100_USD,15m,30.0,3.0,2,2.3,2025-10-23 to 2026-03-27,True,True,0.0,1.0,"[7, 8, 20, 21, 22, 23]","di_slope, adx_rising, atr_ratio=1.0, avoid=[7, 8, 20, 21, 22, 23]",67,31.3,17.17,2.0,-10.57
NAS100_USD,15m,30.0,3.0,2,2.3,2025-10-23 to 2026-03-27,True,True,15.0,1.0,"[7, 8, 21, 22, 23]","di_slope, adx_rising, adx_min=15, atr_ratio=1.0, avoid=[7, 8, 21, 22, 23]",67,31.3,17.17,2.0,-10.57
NAS100_USD,15m,30.0,3.0,2,2.3,2025-10-23 to 2026-03-27,True,True,15.0,1.0,"[7, 8, 20, 21, 22, 23]","di_slope, adx_rising, adx_min=15, atr_ratio=1.0, avoid=[7, 8, 20, 21, 22, 23]",67,31.3,17.17,2.0,-10.57
NAS100_USD,15m,30.0,3.0,2,2.3,2025-10-23 to 2026-03-27,True,True,20.0,0.0,"[21, 22, 23]","di_slope, adx_rising, adx_min=20, avoid=[21, 22, 23]",102,31.4,27.43,1.99,-7.94
NAS100_USD,15m,30.0,3.0,2,2.3,2025-10-23 to 2026-03-27,False,False,25.0,1.0,"[7, 8]","adx_min=25, atr_ratio=1.0, avoid=[7, 8]",82,31.7,22.84,1.98,-11.68
NAS100_USD,15m,30.0,3.0,2,2.3,2025-10-23 to 2026-03-27,True,False,15.0,0.0,"[7, 8]","di_slope, adx_min=15, avoid=[7, 8]",93,31.2,23.86,1.98,-8.65
NAS100_USD,15m,30.0,3.0,2,2.3,2025-10-23 to 2026-03-27,True,True,0.0,0.0,"[7, 8, 21, 22, 23]","di_slope, adx_rising, avoid=[7, 8, 21, 22, 23]",90,31.1,22.69,1.98,-7.89
NAS100_USD,15m,30.0,3.0,2,2.3,2025-10-23 to 2026-03-27,False,False,15.0,1.0,[7],"adx_min=15, atr_ratio=1.0, avoid=[7]",86,31.4,22.77,1.97,-10.68
NAS100_USD,15m,30.0,3.0,2,2.3,2025-10-23 to 2026-03-27,False,True,20.0,0.0,[7],"adx_rising, adx_min=20, avoid=[7]",113,31.9,33.67,1.97,-13.28
NAS100_USD,15m,30.0,3.0,2,2.3,2025-10-23 to 2026-03-27,True,False,0.0,0.0,"[7, 8, 21, 22, 23]","di_slope, avoid=[7, 8, 21, 22, 23]",90,31.1,22.69,1.97,-9.56
NAS100_USD,15m,30.0,3.0,2,2.3,2025-10-23 to 2026-03-27,True,False,25.0,0.0,"[21, 22, 23]","di_slope, adx_min=25, avoid=[21, 22, 23]",80,31.2,20.47,1.95,-7.89
NAS100_USD,15m,30.0,3.0,2,2.3,2025-10-23 to 2026-03-27,True,False,25.0,0.0,"[7, 21, 22, 23]","di_slope, adx_min=25, avoid=[7, 21, 22, 23]",80,31.2,20.47,1.95,-7.89
NAS100_USD,15m,30.0,3.0,2,2.3,2025-10-23 to 2026-03-27,True,True,0.0,0.0,,"di_slope, adx_rising",100,31.0,24.96,1.95,-8.65
NAS100_USD,15m,30.0,3.0,2,2.3,2025-10-23 to 2026-03-27,True,True,15.0,1.0,[7],"di_slope, adx_rising, adx_min=15, atr_ratio=1.0, avoid=[7]",74,31.1,18.21,1.94,-11.47
NAS100_USD,15m,30.0,3.0,2,2.3,2025-10-23 to 2026-03-27,False,False,20.0,1.0,,"adx_min=20, atr_ratio=1.0",92,31.5,25.11,1.91,-13.38
NAS100_USD,15m,30.0,3.0,2,2.3,2025-10-23 to 2026-03-27,True,False,0.0,0.0,[7],"di_slope, avoid=[7]",97,30.9,23.79,1.91,-8.65
NAS100_USD,15m,30.0,3.0,2,2.3,2025-10-23 to 2026-03-27,False,True,15.0,1.0,,"adx_rising, adx_min=15, atr_ratio=1.0",83,31.3,21.61,1.9,-9.72
NAS100_USD,15m,30.0,3.0,2,2.3,2025-10-23 to 2026-03-27,True,False,0.0,1.0,"[7, 21, 22, 23]","di_slope, atr_ratio=1.0, avoid=[7, 21, 22, 23]",74,31.1,18.21,1.9,-8.81
NAS100_USD,15m,30.0,3.0,2,2.3,2025-10-23 to 2026-03-27,False,True,0.0,0.0,"[0, 1, 2, 3, 4, 5]","adx_rising, avoid=[0, 1, 2, 3, 4, 5]",96,31.2,25.04,1.89,-10.68
NAS100_USD,15m,30.0,3.0,2,2.3,2025-10-23 to 2026-03-27,False,True,0.0,1.2,"[7, 21, 22, 23]","adx_rising, atr_ratio=1.2, avoid=[7, 21, 22, 23]",65,30.8,14.9,1.86,-9.72
NAS100_USD,15m,30.0,3.0,2,2.3,2025-10-23 to 2026-03-27,False,True,0.0,1.2,"[7, 8, 20, 21, 22, 23]","adx_rising, atr_ratio=1.2, avoid=[7, 8, 20, 21, 22, 23]",65,30.8,14.9,1.86,-9.83
NAS100_USD,15m,30.0,3.0,2,2.3,2025-10-23 to 2026-03-27,False,True,15.0,1.2,"[7, 21, 22, 23]","adx_rising, adx_min=15, atr_ratio=1.2, avoid=[7, 21, 22, 23]",65,30.8,14.9,1.86,-9.72
NAS100_USD,15m,30.0,3.0,2,2.3,2025-10-23 to 2026-03-27,False,True,15.0,1.2,"[7, 8, 20, 21, 22, 23]","adx_rising, adx_min=15, atr_ratio=1.2, avoid=[7, 8, 20, 21, 22, 23]",65,30.8,14.9,1.86,-9.83
NAS100_USD,15m,30.0,3.0,2,2.3,2025-10-23 to 2026-03-27,True,True,20.0,0.0,"[20, 21, 22, 23]","di_slope, adx_rising, adx_min=20, avoid=[20, 21, 22, 23]",100,31.0,24.96,1.86,-7.94
NAS100_USD,15m,30.0,3.0,2,2.3,2025-10-23 to 2026-03-27,False,True,25.0,0.0,"[7, 8]","adx_rising, adx_min=25, avoid=[7, 8]",99,31.3,26.23,1.85,-13.33
NAS100_USD,15m,30.0,3.0,2,2.3,2025-10-23 to 2026-03-27,True,False,20.0,0.0,"[0, 1, 2, 3, 4, 5]","di_slope, adx_min=20, avoid=[0, 1, 2, 3, 4, 5]",104,30.8,24.89,1.85,-8.7
NAS100_USD,15m,30.0,3.0,2,2.3,2025-10-23 to 2026-03-27,True,True,15.0,0.0,"[7, 8, 20, 21, 22, 23]","di_slope, adx_rising, adx_min=15, avoid=[7, 8, 20, 21, 22, 23]",88,30.7,20.32,1.83,-7.89
NAS100_USD,15m,30.0,3.0,2,2.3,2025-10-23 to 2026-03-27,False,True,20.0,1.0,"[7, 21, 22, 23]","adx_rising, adx_min=20, atr_ratio=1.0, avoid=[7, 21, 22, 23]",90,31.1,22.69,1.81,-12.4
NAS100_USD,15m,30.0,3.0,2,2.3,2025-10-23 to 2026-03-27,True,True,15.0,0.0,,"di_slope, adx_rising, adx_min=15",98,30.6,22.55,1.81,-8.65
NAS100_USD,15m,30.0,3.0,2,2.3,2025-10-23 to 2026-03-27,False,True,20.0,1.0,"[7, 8]","adx_rising, adx_min=20, atr_ratio=1.0, avoid=[7, 8]",90,31.1,22.69,1.8,-12.4
NAS100_USD,15m,30.0,3.0,2,2.3,2025-10-23 to 2026-03-27,False,True,25.0,0.0,"[7, 21, 22, 23]","adx_rising, adx_min=25, avoid=[7, 21, 22, 23]",103,31.1,26.15,1.8,-14.5
NAS100_USD,15m,30.0,3.0,2,2.3,2025-10-23 to 2026-03-27,True,True,0.0,1.0,[7],"di_slope, adx_rising, atr_ratio=1.0, avoid=[7]",75,30.7,17.03,1.8,-11.47
NAS100_USD,15m,30.0,3.0,2,2.3,2025-10-23 to 2026-03-27,True,True,15.0,1.0,,"di_slope, adx_rising, adx_min=15, atr_ratio=1.0",75,30.7,17.03,1.8,-11.47
NAS100_USD,15m,30.0,3.0,2,2.3,2025-10-23 to 2026-03-27,False,True,15.0,1.0,[7],"adx_rising, adx_min=15, atr_ratio=1.0, avoid=[7]",81,30.9,19.26,1.78,-8.81
NAS100_USD,15m,30.0,3.0,2,2.3,2025-10-23 to 2026-03-27,True,True,15.0,1.0,"[7, 21, 22, 23]","di_slope, adx_rising, adx_min=15, atr_ratio=1.0, avoid=[7, 21, 22, 23]",72,30.6,15.93,1.76,-11.62
NAS100_USD,15m,30.0,3.0,2,2.3,2025-10-23 to 2026-03-27,False,True,25.0,1.2,[7],"adx_rising, adx_min=25, atr_ratio=1.2, avoid=[7]",59,30.5,12.75,1.74,-8.86
NAS100_USD,15m,30.0,3.0,2,2.3,2025-10-23 to 2026-03-27,False,True,25.0,1.2,"[7, 21, 22, 23]","adx_rising, adx_min=25, atr_ratio=1.2, avoid=[7, 21, 22, 23]",59,30.5,12.75,1.74,-8.86
NAS100_USD,15m,30.0,3.0,2,2.3,2025-10-23 to 2026-03-27,False,False,20.0,1.2,"[7, 8]","adx_min=20, atr_ratio=1.2, avoid=[7, 8]",69,30.4,14.83,1.73,-10.57
NAS100_USD,15m,30.0,3.0,2,2.3,2025-10-23 to 2026-03-27,True,True,0.0,1.2,"[7, 8]","di_slope, adx_rising, atr_ratio=1.2, avoid=[7, 8]",53,30.2,10.64,1.73,-11.52
NAS100_USD,15m,30.0,3.0,2,2.3,2025-10-23 to 2026-03-27,True,True,0.0,1.2,"[7, 8, 21, 22, 23]","di_slope, adx_rising, atr_ratio=1.2, avoid=[7, 8, 21, 22, 23]",53,30.2,10.64,1.73,-11.52
NAS100_USD,15m,30.0,3.0,2,2.3,2025-10-23 to 2026-03-27,True,True,0.0,1.2,"[7, 8, 20, 21, 22, 23]","di_slope, adx_rising, atr_ratio=1.2, avoid=[7, 8, 20, 21, 22, 23]",53,30.2,10.64,1.73,-11.52
NAS100_USD,15m,30.0,3.0,2,2.3,2025-10-23 to 2026-03-27,True,True,15.0,1.2,"[7, 8]","di_slope, adx_rising, adx_min=15, atr_ratio=1.2, avoid=[7, 8]",53,30.2,10.64,1.73,-11.52
NAS100_USD,15m,30.0,3.0,2,2.3,2025-10-23 to 2026-03-27,True,True,15.0,1.2,"[7, 8, 21, 22, 23]","di_slope, adx_rising, adx_min=15, atr_ratio=1.2, avoid=[7, 8, 21, 22, 23]",53,30.2,10.64,1.73,-11.52
NAS100_USD,15m,30.0,3.0,2,2.3,2025-10-23 to 2026-03-27,True,True,15.0,1.2,"[7, 8, 20, 21, 22, 23]","di_slope, adx_rising, adx_min=15, atr_ratio=1.2, avoid=[7, 8, 20, 21, 22, 23]",53,30.2,10.64,1.73,-11.52
NAS100_USD,15m,30.0,3.0,2,2.3,2025-10-23 to 2026-03-27,True,True,0.0,0.0,"[7, 8, 20, 21, 22, 23]","di_slope, adx_rising, avoid=[7, 8, 20, 21, 22, 23]",89,30.3,19.12,1.72,-7.89
NAS100_USD,15m,30.0,3.0,2,2.3,2025-10-23 to 2026-03-27,False,False,20.0,1.0,[7],"adx_min=20, atr_ratio=1.0, avoid=[7]",91,30.8,21.47,1.71,-13.38
NAS100_USD,15m,30.0,3.0,2,2.3,2025-10-23 to 2026-03-27,False,True,0.0,1.2,"[21, 22, 23]","adx_rising, atr_ratio=1.2, avoid=[21, 22, 23]",66,30.3,13.75,1.71,-9.72
NAS100_USD,15m,30.0,3.0,2,2.3,2025-10-23 to 2026-03-27,False,True,15.0,1.2,"[21, 22, 23]","adx_rising, adx_min=15, atr_ratio=1.2, avoid=[21, 22, 23]",66,30.3,13.75,1.71,-9.72
NAS100_USD,15m,30.0,3.0,2,2.3,2025-10-23 to 2026-03-27,True,False,15.0,1.0,,"di_slope, adx_min=15, atr_ratio=1.0",79,30.4,16.96,1.69,-8.92
NAS100_USD,15m,30.0,3.0,2,2.3,2025-10-23 to 2026-03-27,False,True,25.0,1.2,"[7, 8]","adx_rising, adx_min=25, atr_ratio=1.2, avoid=[7, 8]",56,30.4,11.69,1.68,-8.86
NAS100_USD,15m,30.0,3.0,2,2.3,2025-10-23 to 2026-03-27,False,True,25.0,1.2,"[7, 8, 21, 22, 23]","adx_rising, adx_min=25, atr_ratio=1.2, avoid=[7, 8, 21, 22, 23]",56,30.4,11.69,1.68,-8.86
NAS100_USD,15m,30.0,3.0,2,2.3,2025-10-23 to 2026-03-27,False,True,25.0,1.2,"[7, 8, 20, 21, 22, 23]","adx_rising, adx_min=25, atr_ratio=1.2, avoid=[7, 8, 20, 21, 22, 23]",56,30.4,11.69,1.68,-8.86
NAS100_USD,15m,30.0,3.0,2,2.3,2025-10-23 to 2026-03-27,False,False,0.0,1.0,"[0, 1, 2, 3, 4, 5]","atr_ratio=1.0, avoid=[0, 1, 2, 3, 4, 5]",89,30.3,19.12,1.67,-9.88
NAS100_USD,15m,30.0,3.0,2,2.3,2025-10-23 to 2026-03-27,True,True,0.0,1.0,,"di_slope, adx_rising, atr_ratio=1.0",76,30.3,15.86,1.66,-11.47
NAS100_USD,15m,30.0,3.0,2,2.3,2025-10-23 to 2026-03-27,False,True,0.0,1.2,"[7, 8]","adx_rising, atr_ratio=1.2, avoid=[7, 8]",63,30.2,12.68,1.64,-9.72
NAS100_USD,15m,30.0,3.0,2,2.3,2025-10-23 to 2026-03-27,False,True,15.0,1.2,"[7, 8]","adx_rising, adx_min=15, atr_ratio=1.2, avoid=[7, 8]",63,30.2,12.68,1.64,-9.72
NAS100_USD,15m,30.0,3.0,2,2.3,2025-10-23 to 2026-03-27,True,True,15.0,0.0,"[7, 21, 22, 23]","di_slope, adx_rising, adx_min=15, avoid=[7, 21, 22, 23]",93,30.1,19.05,1.64,-9.72
NAS100_USD,15m,30.0,3.0,2,2.3,2025-10-23 to 2026-03-27,True,False,15.0,0.0,"[7, 21, 22, 23]","di_slope, adx_min=15, avoid=[7, 21, 22, 23]",93,30.1,19.05,1.63,-8.65
NAS100_USD,15m,30.0,3.0,2,2.3,2025-10-23 to 2026-03-27,True,False,15.0,0.0,"[20, 21, 22, 23]","di_slope, adx_min=15, avoid=[20, 21, 22, 23]",93,30.1,19.05,1.62,-8.65
NAS100_USD,15m,30.0,3.0,2,2.3,2025-10-23 to 2026-03-27,False,True,25.0,0.0,"[20, 21, 22, 23]","adx_rising, adx_min=25, avoid=[20, 21, 22, 23]",105,30.5,23.64,1.61,-14.2
NAS100_USD,15m,30.0,3.0,2,2.3,2025-10-23 to 2026-03-27,True,False,0.0,0.0,,di_slope,100,30.0,20.11,1.61,-8.65
NAS100_USD,15m,30.0,3.0,2,2.3,2025-10-23 to 2026-03-27,True,True,0.0,1.0,"[7, 21, 22, 23]","di_slope, adx_rising, atr_ratio=1.0, avoid=[7, 21, 22, 23]",73,30.1,14.77,1.61,-11.62
NAS100_USD,15m,30.0,3.0,2,2.3,2025-10-23 to 2026-03-27,True,True,15.0,1.0,"[21, 22, 23]","di_slope, adx_rising, adx_min=15, atr_ratio=1.0, avoid=[21, 22, 23]",73,30.1,14.77,1.61,-11.62
NAS100_USD,15m,30.0,3.0,2,2.3,2025-10-23 to 2026-03-27,True,True,15.0,1.0,"[20, 21, 22, 23]","di_slope, adx_rising, adx_min=15, atr_ratio=1.0, avoid=[20, 21, 22, 23]",73,30.1,14.77,1.61,-11.62
NAS100_USD,15m,30.0,3.0,2,2.3,2025-10-23 to 2026-03-27,False,True,25.0,0.0,"[21, 22, 23]","adx_rising, adx_min=25, avoid=[21, 22, 23]",105,30.5,23.64,1.6,-14.5
NAS100_USD,15m,30.0,3.0,2,2.3,2025-10-23 to 2026-03-27,False,False,20.0,1.2,[7],"adx_min=20, atr_ratio=1.2, avoid=[7]",70,30.0,13.69,1.59,-10.63
NAS100_USD,15m,30.0,3.0,2,2.3,2025-10-23 to 2026-03-27,False,False,20.0,1.2,"[0, 1, 2, 3, 4, 5]","adx_min=20, atr_ratio=1.2, avoid=[0, 1, 2, 3, 4, 5]",70,30.0,13.69,1.59,-9.72
NAS100_USD,15m,30.0,3.0,2,2.3,2025-10-23 to 2026-03-27,False,False,25.0,1.0,"[0, 1, 2, 3, 4, 5]","adx_min=25, atr_ratio=1.0, avoid=[0, 1, 2, 3, 4, 5]",86,30.2,18.0,1.59,-12.51
NAS100_USD,15m,30.0,3.0,2,2.3,2025-10-23 to 2026-03-27,True,True,25.0,0.0,"[7, 8]","di_slope, adx_rising, adx_min=25, avoid=[7, 8]",70,30.0,13.69,1.59,-12.35
NAS100_USD,15m,30.0,3.0,2,2.3,2025-10-23 to 2026-03-27,True,True,20.0,1.0,"[0, 1, 2, 3, 4, 5]","di_slope, adx_rising, adx_min=20, atr_ratio=1.0, avoid=[0, 1, 2, 3, 4, 5]",80,30.0,15.79,1.58,-10.47
NAS100_USD,15m,30.0,3.0,2,2.3,2025-10-23 to 2026-03-27,False,True,25.0,1.2,,"adx_rising, adx_min=25, atr_ratio=1.2",60,30.0,11.62,1.57,-8.86
NAS100_USD,15m,30.0,3.0,2,2.3,2025-10-23 to 2026-03-27,False,True,25.0,1.2,"[21, 22, 23]","adx_rising, adx_min=25, atr_ratio=1.2, avoid=[21, 22, 23]",60,30.0,11.62,1.57,-8.86
NAS100_USD,15m,30.0,3.0,2,2.3,2025-10-23 to 2026-03-27,False,True,25.0,1.2,"[20, 21, 22, 23]","adx_rising, adx_min=25, atr_ratio=1.2, avoid=[20, 21, 22, 23]",60,30.0,11.62,1.57,-8.86
NAS100_USD,15m,30.0,3.0,2,2.3,2025-10-23 to 2026-03-27,False,True,15.0,0.0,"[0, 1, 2, 3, 4, 5]","adx_rising, adx_min=15, avoid=[0, 1, 2, 3, 4, 5]",96,30.2,20.18,1.56,-10.68
NAS100_USD,15m,30.0,3.0,2,2.3,2025-10-23 to 2026-03-27,True,False,0.0,1.0,,"di_slope, atr_ratio=1.0",80,30.0,15.79,1.56,-8.92
NAS100_USD,15m,30.0,3.0,2,2.3,2025-10-23 to 2026-03-27,True,False,15.0,0.0,[7],"di_slope, adx_min=15, avoid=[7]",97,29.9,18.98,1.55,-8.65
NAS100_USD,15m,30.0,3.0,2,2.3,2025-10-23 to 2026-03-27,False,True,25.0,1.0,"[7, 21, 22, 23]","adx_rising, adx_min=25, atr_ratio=1.0, avoid=[7, 21, 22, 23]",83,30.1,16.89,1.54,-14.4
NAS100_USD,15m,30.0,3.0,2,2.3,2025-10-23 to 2026-03-27,True,False,0.0,1.2,"[7, 8]","di_slope, atr_ratio=1.2, avoid=[7, 8]",54,29.6,9.53,1.54,-10.68
NAS100_USD,15m,30.0,3.0,2,2.3,2025-10-23 to 2026-03-27,True,False,0.0,1.2,"[7, 8, 21, 22, 23]","di_slope, atr_ratio=1.2, avoid=[7, 8, 21, 22, 23]",54,29.6,9.53,1.54,-10.68
NAS100_USD,15m,30.0,3.0,2,2.3,2025-10-23 to 2026-03-27,True,False,0.0,1.2,"[7, 8, 20, 21, 22, 23]","di_slope, atr_ratio=1.2, avoid=[7, 8, 20, 21, 22, 23]",54,29.6,9.53,1.54,-10.68
NAS100_USD,15m,30.0,3.0,2,2.3,2025-10-23 to 2026-03-27,True,False,0.0,1.2,"[0, 1, 2, 3, 4, 5]","di_slope, atr_ratio=1.2, avoid=[0, 1, 2, 3, 4, 5]",54,29.6,9.53,1.54,-10.68
NAS100_USD,15m,30.0,3.0,2,2.3,2025-10-23 to 2026-03-27,True,False,15.0,1.2,"[7, 8]","di_slope, adx_min=15, atr_ratio=1.2, avoid=[7, 8]",54,29.6,9.53,1.54,-10.68
NAS100_USD,15m,30.0,3.0,2,2.3,2025-10-23 to 2026-03-27,True,False,15.0,1.2,"[7, 8, 21, 22, 23]","di_slope, adx_min=15, atr_ratio=1.2, avoid=[7, 8, 21, 22, 23]",54,29.6,9.53,1.54,-10.68
NAS100_USD,15m,30.0,3.0,2,2.3,2025-10-23 to 2026-03-27,True,False,15.0,1.2,"[7, 8, 20, 21, 22, 23]","di_slope, adx_min=15, atr_ratio=1.2, avoid=[7, 8, 20, 21, 22, 23]",54,29.6,9.53,1.54,-10.68
NAS100_USD,15m,30.0,3.0,2,2.3,2025-10-23 to 2026-03-27,True,False,15.0,1.2,"[0, 1, 2, 3, 4, 5]","di_slope, adx_min=15, atr_ratio=1.2, avoid=[0, 1, 2, 3, 4, 5]",54,29.6,9.53,1.54,-10.68
NAS100_USD,15m,30.0,3.0,2,2.3,2025-10-23 to 2026-03-27,False,False,0.0,0.0,"[0, 1, 2, 3, 4, 5]","avoid=[0, 1, 2, 3, 4, 5]",103,30.1,21.25,1.53,-15.06
NAS100_USD,15m,30.0,3.0,2,2.3,2025-10-23 to 2026-03-27,True,False,0.0,0.0,"[7, 21, 22, 23]","di_slope, avoid=[7, 21, 22, 23]",94,29.8,17.86,1.52,-8.65
NAS100_USD,15m,30.0,3.0,2,2.3,2025-10-23 to 2026-03-27,True,True,0.0,0.0,"[0, 1, 2, 3, 4, 5]","di_slope, adx_rising, avoid=[0, 1, 2, 3, 4, 5]",94,29.8,17.86,1.52,-9.56
NAS100_USD,15m,30.0,3.0,2,2.3,2025-10-23 to 2026-03-27,True,False,0.0,0.0,"[20, 21, 22, 23]","di_slope, avoid=[20, 21, 22, 23]",94,29.8,17.86,1.51,-8.65
NAS100_USD,15m,30.0,3.0,2,2.3,2025-10-23 to 2026-03-27,True,False,15.0,1.0,[7],"di_slope, adx_min=15, atr_ratio=1.0, avoid=[7]",77,29.9,14.7,1.51,-8.92
NAS100_USD,15m,30.0,3.0,2,2.3,2025-10-23 to 2026-03-27,True,True,25.0,0.0,,"di_slope, adx_rising, adx_min=25",74,29.7,13.62,1.51,-14.1
NAS100_USD,15m,30.0,3.0,2,2.3,2025-10-23 to 2026-03-27,True,True,25.0,0.0,[7],"di_slope, adx_rising, adx_min=25, avoid=[7]",74,29.7,13.62,1.51,-14.1
NAS100_USD,15m,30.0,3.0,2,2.3,2025-10-23 to 2026-03-27,False,True,20.0,1.0,,"adx_rising, adx_min=20, atr_ratio=1.0",93,30.1,19.05,1.47,-14.4
NAS100_USD,15m,30.0,3.0,2,2.3,2025-10-23 to 2026-03-27,True,True,0.0,1.0,"[21, 22, 23]","di_slope, adx_rising, atr_ratio=1.0, avoid=[21, 22, 23]",74,29.7,13.62,1.47,-11.62
NAS100_USD,15m,30.0,3.0,2,2.3,2025-10-23 to 2026-03-27,True,True,0.0,1.0,"[20, 21, 22, 23]","di_slope, adx_rising, atr_ratio=1.0, avoid=[20, 21, 22, 23]",74,29.7,13.62,1.47,-11.62
NAS100_USD,15m,30.0,3.0,2,2.3,2025-10-23 to 2026-03-27,False,False,20.0,1.2,,"adx_min=20, atr_ratio=1.2",71,29.6,12.55,1.45,-10.63
NAS100_USD,15m,30.0,3.0,2,2.3,2025-10-23 to 2026-03-27,False,True,25.0,0.0,"[7, 8, 20, 21, 22, 23]","adx_rising, adx_min=25, avoid=[7, 8, 20, 21, 22, 23]",100,30.0,20.11,1.45,-15.31
NAS100_USD,15m,30.0,3.0,2,2.3,2025-10-23 to 2026-03-27,True,True,20.0,0.0,"[0, 1, 2, 3, 4, 5]","di_slope, adx_rising, adx_min=20, avoid=[0, 1, 2, 3, 4, 5]",98,29.6,17.79,1.45,-11.36
NAS100_USD,15m,30.0,3.0,2,2.3,2025-10-23 to 2026-03-27,False,True,25.0,0.0,"[7, 8, 21, 22, 23]","adx_rising, adx_min=25, avoid=[7, 8, 21, 22, 23]",100,30.0,20.11,1.44,-16.15
NAS100_USD,15m,30.0,3.0,2,2.3,2025-10-23 to 2026-03-27,False,True,25.0,1.0,[7],"adx_rising, adx_min=25, atr_ratio=1.0, avoid=[7]",84,29.8,15.72,1.43,-14.4
NAS100_USD,15m,30.0,3.0,2,2.3,2025-10-23 to 2026-03-27,True,False,15.0,0.0,"[21, 22, 23]","di_slope, adx_min=15, avoid=[21, 22, 23]",95,29.5,16.68,1.43,-8.65
NAS100_USD,15m,30.0,3.0,2,2.3,2025-10-23 to 2026-03-27,True,True,15.0,0.0,"[21, 22, 23]","di_slope, adx_rising, adx_min=15, avoid=[21, 22, 23]",95,29.5,16.68,1.43,-9.72
NAS100_USD,15m,30.0,3.0,2,2.3,2025-10-23 to 2026-03-27,False,True,25.0,1.0,"[20, 21, 22, 23]","adx_rising, adx_min=25, atr_ratio=1.0, avoid=[20, 21, 22, 23]",84,29.8,15.72,1.42,-14.2
NAS100_USD,15m,30.0,3.0,2,2.3,2025-10-23 to 2026-03-27,True,True,0.0,0.0,"[7, 21, 22, 23]","di_slope, adx_rising, avoid=[7, 21, 22, 23]",95,29.5,16.68,1.42,-9.72
NAS100_USD,15m,30.0,3.0,2,2.3,2025-10-23 to 2026-03-27,False,False,15.0,1.0,"[0, 1, 2, 3, 4, 5]","adx_min=15, atr_ratio=1.0, avoid=[0, 1, 2, 3, 4, 5]",88,29.5,15.65,1.41,-9.88
NAS100_USD,15m,30.0,3.0,2,2.3,2025-10-23 to 2026-03-27,True,False,0.0,1.0,[7],"di_slope, atr_ratio=1.0, avoid=[7]",78,29.5,13.55,1.38,-8.92
NAS100_USD,15m,30.0,3.0,2,2.3,2025-10-23 to 2026-03-27,True,True,15.0,0.0,"[0, 1, 2, 3, 4, 5]","di_slope, adx_rising, adx_min=15, avoid=[0, 1, 2, 3, 4, 5]",92,29.3,15.58,1.37,-9.56
NAS100_USD,15m,30.0,3.0,2,2.3,2025-10-23 to 2026-03-27,False,True,0.0,1.0,"[0, 1, 2, 3, 4, 5]","adx_rising, atr_ratio=1.0, avoid=[0, 1, 2, 3, 4, 5]",85,29.4,14.56,1.36,-9.72
NAS100_USD,15m,30.0,3.0,2,2.3,2025-10-23 to 2026-03-27,False,True,20.0,1.0,[7],"adx_rising, adx_min=20, atr_ratio=1.0, avoid=[7]",91,29.7,16.75,1.36,-13.54
NAS100_USD,15m,30.0,3.0,2,2.3,2025-10-23 to 2026-03-27,False,True,25.0,1.0,"[7, 8, 20, 21, 22, 23]","adx_rising, adx_min=25, atr_ratio=1.0, avoid=[7, 8, 20, 21, 22, 23]",81,29.6,14.63,1.36,-13.54
NAS100_USD,15m,30.0,3.0,2,2.3,2025-10-23 to 2026-03-27,True,False,0.0,1.2,,"di_slope, atr_ratio=1.2",55,29.1,8.43,1.36,-11.57
NAS100_USD,15m,30.0,3.0,2,2.3,2025-10-23 to 2026-03-27,True,False,0.0,1.2,[7],"di_slope, atr_ratio=1.2, avoid=[7]",55,29.1,8.43,1.36,-11.57
NAS100_USD,15m,30.0,3.0,2,2.3,2025-10-23 to 2026-03-27,True,False,0.0,1.2,"[21, 22, 23]","di_slope, atr_ratio=1.2, avoid=[21, 22, 23]",55,29.1,8.43,1.36,-11.57
NAS100_USD,15m,30.0,3.0,2,2.3,2025-10-23 to 2026-03-27,True,False,0.0,1.2,"[7, 21, 22, 23]","di_slope, atr_ratio=1.2, avoid=[7, 21, 22, 23]",55,29.1,8.43,1.36,-11.57
NAS100_USD,15m,30.0,3.0,2,2.3,2025-10-23 to 2026-03-27,True,False,0.0,1.2,"[20, 21, 22, 23]","di_slope, atr_ratio=1.2, avoid=[20, 21, 22, 23]",55,29.1,8.43,1.36,-11.57
NAS100_USD,15m,30.0,3.0,2,2.3,2025-10-23 to 2026-03-27,True,False,15.0,1.2,,"di_slope, adx_min=15, atr_ratio=1.2",55,29.1,8.43,1.36,-11.57
NAS100_USD,15m,30.0,3.0,2,2.3,2025-10-23 to 2026-03-27,True,False,15.0,1.2,[7],"di_slope, adx_min=15, atr_ratio=1.2, avoid=[7]",55,29.1,8.43,1.36,-11.57
NAS100_USD,15m,30.0,3.0,2,2.3,2025-10-23 to 2026-03-27,True,False,15.0,1.2,"[21, 22, 23]","di_slope, adx_min=15, atr_ratio=1.2, avoid=[21, 22, 23]",55,29.1,8.43,1.36,-11.57
NAS100_USD,15m,30.0,3.0,2,2.3,2025-10-23 to 2026-03-27,True,False,15.0,1.2,"[7, 21, 22, 23]","di_slope, adx_min=15, atr_ratio=1.2, avoid=[7, 21, 22, 23]",55,29.1,8.43,1.36,-11.57
NAS100_USD,15m,30.0,3.0,2,2.3,2025-10-23 to 2026-03-27,True,False,15.0,1.2,"[20, 21, 22, 23]","di_slope, adx_min=15, atr_ratio=1.2, avoid=[20, 21, 22, 23]",55,29.1,8.43,1.36,-11.57
NAS100_USD,15m,30.0,3.0,2,2.3,2025-10-23 to 2026-03-27,True,True,25.0,0.0,"[7, 8, 20, 21, 22, 23]","di_slope, adx_rising, adx_min=25, avoid=[7, 8, 20, 21, 22, 23]",68,29.4,11.49,1.36,-12.35
NAS100_USD,15m,30.0,3.0,2,2.3,2025-10-23 to 2026-03-27,False,True,0.0,1.2,[7],"adx_rising, atr_ratio=1.2, avoid=[7]",65,29.2,10.44,1.33,-9.72
NAS100_USD,15m,30.0,3.0,2,2.3,2025-10-23 to 2026-03-27,False,True,15.0,1.2,[7],"adx_rising, adx_min=15, atr_ratio=1.2, avoid=[7]",65,29.2,10.44,1.33,-9.72
NAS100_USD,15m,30.0,3.0,2,2.3,2025-10-23 to 2026-03-27,True,False,0.0,0.0,"[21, 22, 23]","di_slope, avoid=[21, 22, 23]",96,29.2,15.51,1.32,-8.65
NAS100_USD,15m,30.0,3.0,2,2.3,2025-10-23 to 2026-03-27,False,True,25.0,1.0,"[21, 22, 23]","adx_rising, adx_min=25, atr_ratio=1.0, avoid=[21, 22, 23]",85,29.4,14.56,1.31,-14.4
NAS100_USD,15m,30.0,3.0,2,2.3,2025-10-23 to 2026-03-27,True,True,25.0,0.0,"[20, 21, 22, 23]","di_slope, adx_rising, adx_min=25, avoid=[20, 21, 22, 23]",72,29.2,11.42,1.29,-14.1
NAS100_USD,15m,30.0,3.0,2,2.3,2025-10-23 to 2026-03-27,False,True,20.0,1.2,"[7, 8, 21, 22, 23]","adx_rising, adx_min=20, atr_ratio=1.2, avoid=[7, 8, 21, 22, 23]",62,29.0,9.4,1.28,-11.62
NAS100_USD,15m,30.0,3.0,2,2.3,2025-10-23 to 2026-03-27,False,True,20.0,1.2,"[7, 8, 20, 21, 22, 23]","adx_rising, adx_min=20, atr_ratio=1.2, avoid=[7, 8, 20, 21, 22, 23]",62,29.0,9.4,1.28,-11.62
NAS100_USD,15m,30.0,3.0,2,2.3,2025-10-23 to 2026-03-27,True,True,15.0,0.0,"[20, 21, 22, 23]","di_slope, adx_rising, adx_min=15, avoid=[20, 21, 22, 23]",93,29.0,14.43,1.28,-9.72
NAS100_USD,15m,30.0,3.0,2,2.3,2025-10-23 to 2026-03-27,False,True,0.0,1.2,"[20, 21, 22, 23]","adx_rising, atr_ratio=1.2, avoid=[20, 21, 22, 23]",69,29.0,10.37,1.27,-10.73
NAS100_USD,15m,30.0,3.0,2,2.3,2025-10-23 to 2026-03-27,False,True,15.0,1.2,"[20, 21, 22, 23]","adx_rising, adx_min=15, atr_ratio=1.2, avoid=[20, 21, 22, 23]",69,29.0,10.37,1.27,-10.73
NAS100_USD,15m,30.0,3.0,2,2.3,2025-10-23 to 2026-03-27,True,False,15.0,0.0,,"di_slope, adx_min=15",100,29.0,15.45,1.26,-8.65
NAS100_USD,15m,30.0,3.0,2,2.3,2025-10-23 to 2026-03-27,False,True,25.0,1.0,"[7, 8, 21, 22, 23]","adx_rising, adx_min=25, atr_ratio=1.0, avoid=[7, 8, 21, 22, 23]",82,29.3,13.48,1.25,-14.4
NAS100_USD,15m,30.0,3.0,2,2.3,2025-10-23 to 2026-03-27,True,True,0.0,0.0,"[21, 22, 23]","di_slope, adx_rising, avoid=[21, 22, 23]",97,28.9,14.36,1.22,-9.72
NAS100_USD,15m,30.0,3.0,2,2.3,2025-10-23 to 2026-03-27,False,False,15.0,0.0,"[0, 1, 2, 3, 4, 5]","adx_min=15, avoid=[0, 1, 2, 3, 4, 5]",103,29.1,16.54,1.21,-15.06
NAS100_USD,15m,30.0,3.0,2,2.3,2025-10-23 to 2026-03-27,True,False,0.0,0.0,"[0, 1, 2, 3, 4, 5]","di_slope, avoid=[0, 1, 2, 3, 4, 5]",97,28.9,14.36,1.21,-10.73
NAS100_USD,15m,30.0,3.0,2,2.3,2025-10-23 to 2026-03-27,True,True,25.0,1.0,"[0, 1, 2, 3, 4, 5]","di_slope, adx_rising, adx_min=25, atr_ratio=1.0, avoid=[0, 1, 2, 3, 4, 5]",59,28.8,8.37,1.21,-10.52
NAS100_USD,15m,30.0,3.0,2,2.3,2025-10-23 to 2026-03-27,False,True,25.0,1.0,,"adx_rising, adx_min=25, atr_ratio=1.0",86,29.1,13.42,1.2,-14.4
NAS100_USD,15m,30.0,3.0,2,2.3,2025-10-23 to 2026-03-27,False,True,0.0,1.2,,"adx_rising, atr_ratio=1.2",66,28.8,9.34,1.18,-9.72
NAS100_USD,15m,30.0,3.0,2,2.3,2025-10-23 to 2026-03-27,False,True,0.0,1.2,"[0, 1, 2, 3, 4, 5]","adx_rising, atr_ratio=1.2, avoid=[0, 1, 2, 3, 4, 5]",66,28.8,9.34,1.18,-9.72
NAS100_USD,15m,30.0,3.0,2,2.3,2025-10-23 to 2026-03-27,False,True,15.0,1.2,,"adx_rising, adx_min=15, atr_ratio=1.2",66,28.8,9.34,1.18,-9.72
NAS100_USD,15m,30.0,3.0,2,2.3,2025-10-23 to 2026-03-27,False,True,15.0,1.2,"[0, 1, 2, 3, 4, 5]","adx_rising, adx_min=15, atr_ratio=1.2, avoid=[0, 1, 2, 3, 4, 5]",66,28.8,9.34,1.18,-9.72
NAS100_USD,15m,30.0,3.0,2,2.3,2025-10-23 to 2026-03-27,False,True,25.0,1.2,"[0, 1, 2, 3, 4, 5]","adx_rising, adx_min=25, atr_ratio=1.2, avoid=[0, 1, 2, 3, 4, 5]",59,28.8,8.37,1.18,-8.86
NAS100_USD,15m,30.0,3.0,2,2.3,2025-10-23 to 2026-03-27,True,True,0.0,1.2,,"di_slope, adx_rising, atr_ratio=1.2",56,28.6,7.35,1.17,-13.38
NAS100_USD,15m,30.0,3.0,2,2.3,2025-10-23 to 2026-03-27,True,True,0.0,1.2,[7],"di_slope, adx_rising, atr_ratio=1.2, avoid=[7]",56,28.6,7.35,1.17,-13.38
NAS100_USD,15m,30.0,3.0,2,2.3,2025-10-23 to 2026-03-27,True,True,0.0,1.2,"[21, 22, 23]","di_slope, adx_rising, atr_ratio=1.2, avoid=[21, 22, 23]",56,28.6,7.35,1.17,-13.38
NAS100_USD,15m,30.0,3.0,2,2.3,2025-10-23 to 2026-03-27,True,True,0.0,1.2,"[7, 21, 22, 23]","di_slope, adx_rising, atr_ratio=1.2, avoid=[7, 21, 22, 23]",56,28.6,7.35,1.17,-13.38
NAS100_USD,15m,30.0,3.0,2,2.3,2025-10-23 to 2026-03-27,True,True,0.0,1.2,"[20, 21, 22, 23]","di_slope, adx_rising, atr_ratio=1.2, avoid=[20, 21, 22, 23]",56,28.6,7.35,1.17,-13.38
NAS100_USD,15m,30.0,3.0,2,2.3,2025-10-23 to 2026-03-27,True,True,0.0,1.2,"[0, 1, 2, 3, 4, 5]","di_slope, adx_rising, atr_ratio=1.2, avoid=[0, 1, 2, 3, 4, 5]",56,28.6,7.35,1.17,-13.38
NAS100_USD,15m,30.0,3.0,2,2.3,2025-10-23 to 2026-03-27,True,True,15.0,1.2,,"di_slope, adx_rising, adx_min=15, atr_ratio=1.2",56,28.6,7.35,1.17,-13.38
NAS100_USD,15m,30.0,3.0,2,2.3,2025-10-23 to 2026-03-27,True,True,15.0,1.2,[7],"di_slope, adx_rising, adx_min=15, atr_ratio=1.2, avoid=[7]",56,28.6,7.35,1.17,-13.38
NAS100_USD,15m,30.0,3.0,2,2.3,2025-10-23 to 2026-03-27,True,True,15.0,1.2,"[21, 22, 23]","di_slope, adx_rising, adx_min=15, atr_ratio=1.2, avoid=[21, 22, 23]",56,28.6,7.35,1.17,-13.38
NAS100_USD,15m,30.0,3.0,2,2.3,2025-10-23 to 2026-03-27,True,True,15.0,1.2,"[7, 21, 22, 23]","di_slope, adx_rising, adx_min=15, atr_ratio=1.2, avoid=[7, 21, 22, 23]",56,28.6,7.35,1.17,-13.38
NAS100_USD,15m,30.0,3.0,2,2.3,2025-10-23 to 2026-03-27,True,True,15.0,1.2,"[20, 21, 22, 23]","di_slope, adx_rising, adx_min=15, atr_ratio=1.2, avoid=[20, 21, 22, 23]",56,28.6,7.35,1.17,-13.38
NAS100_USD,15m,30.0,3.0,2,2.3,2025-10-23 to 2026-03-27,True,True,15.0,1.2,"[0, 1, 2, 3, 4, 5]","di_slope, adx_rising, adx_min=15, atr_ratio=1.2, avoid=[0, 1, 2, 3, 4, 5]",56,28.6,7.35,1.17,-13.38
NAS100_USD,15m,30.0,3.0,2,2.3,2025-10-23 to 2026-03-27,False,True,25.0,1.0,"[7, 8]","adx_rising, adx_min=25, atr_ratio=1.0, avoid=[7, 8]",83,28.9,12.35,1.14,-14.4
NAS100_USD,15m,30.0,3.0,2,2.3,2025-10-23 to 2026-03-27,True,True,25.0,0.0,"[7, 8, 21, 22, 23]","di_slope, adx_rising, adx_min=25, avoid=[7, 8, 21, 22, 23]",70,28.6,9.27,1.1,-12.35
NAS100_USD,15m,30.0,3.0,2,2.3,2025-10-23 to 2026-03-27,False,True,15.0,1.0,"[0, 1, 2, 3, 4, 5]","adx_rising, adx_min=15, atr_ratio=1.0, avoid=[0, 1, 2, 3, 4, 5]",84,28.6,11.23,1.08,-9.72
NAS100_USD,15m,30.0,3.0,2,2.3,2025-10-23 to 2026-03-27,True,True,0.0,0.0,"[20, 21, 22, 23]","di_slope, adx_rising, avoid=[20, 21, 22, 23]",95,28.4,12.15,1.06,-9.72
NAS100_USD,15m,30.0,3.0,2,2.3,2025-10-23 to 2026-03-27,True,False,25.0,0.0,"[0, 1, 2, 3, 4, 5]","di_slope, adx_min=25, avoid=[0, 1, 2, 3, 4, 5]",81,28.4,10.18,1.05,-7.18
NAS100_USD,15m,30.0,3.0,2,2.3,2025-10-23 to 2026-03-27,True,True,25.0,0.0,"[21, 22, 23]","di_slope, adx_rising, adx_min=25, avoid=[21, 22, 23]",74,28.4,9.21,1.04,-14.1
NAS100_USD,15m,30.0,3.0,2,2.3,2025-10-23 to 2026-03-27,True,True,25.0,0.0,"[7, 21, 22, 23]","di_slope, adx_rising, adx_min=25, avoid=[7, 21, 22, 23]",74,28.4,9.21,1.04,-14.1
NAS100_USD,15m,30.0,3.0,2,2.3,2025-10-23 to 2026-03-27,False,False,20.0,1.0,"[0, 1, 2, 3, 4, 5]","adx_min=20, atr_ratio=1.0, avoid=[0, 1, 2, 3, 4, 5]",95,28.4,12.15,1.01,-12.61
NAS100_USD,15m,30.0,3.0,2,2.3,2025-10-23 to 2026-03-27,True,False,15.0,1.0,"[0, 1, 2, 3, 4, 5]","di_slope, adx_min=15, atr_ratio=1.0, avoid=[0, 1, 2, 3, 4, 5]",78,28.2,9.14,1.0,-10.57
NAS100_USD,15m,30.0,3.0,2,2.3,2025-10-23 to 2026-03-27,True,True,15.0,1.0,"[0, 1, 2, 3, 4, 5]","di_slope, adx_rising, adx_min=15, atr_ratio=1.0, avoid=[0, 1, 2, 3, 4, 5]",75,28.0,8.11,0.94,-11.47
NAS100_USD,15m,30.0,3.0,2,2.3,2025-10-23 to 2026-03-27,False,False,25.0,0.0,"[0, 1, 2, 3, 4, 5]","adx_min=25, avoid=[0, 1, 2, 3, 4, 5]",103,28.2,12.02,0.92,-15.26
NAS100_USD,15m,30.0,3.0,2,2.3,2025-10-23 to 2026-03-27,True,False,0.0,1.0,"[0, 1, 2, 3, 4, 5]","di_slope, atr_ratio=1.0, avoid=[0, 1, 2, 3, 4, 5]",79,27.8,8.05,0.87,-10.57
NAS100_USD,15m,30.0,3.0,2,2.3,2025-10-23 to 2026-03-27,True,False,15.0,0.0,"[0, 1, 2, 3, 4, 5]","di_slope, adx_min=15, avoid=[0, 1, 2, 3, 4, 5]",97,27.8,9.92,0.85,-10.73
NAS100_USD,15m,30.0,3.0,2,2.3,2025-10-23 to 2026-03-27,False,True,20.0,1.2,"[7, 21, 22, 23]","adx_rising, adx_min=20, atr_ratio=1.2, avoid=[7, 21, 22, 23]",65,27.7,6.15,0.83,-12.51
NAS100_USD,15m,30.0,3.0,2,2.3,2025-10-23 to 2026-03-27,False,False,20.0,0.0,"[0, 1, 2, 3, 4, 5]","adx_min=20, avoid=[0, 1, 2, 3, 4, 5]",115,27.8,11.82,0.81,-14.4
NAS100_USD,15m,30.0,3.0,2,2.3,2025-10-23 to 2026-03-27,True,True,0.0,1.0,"[0, 1, 2, 3, 4, 5]","di_slope, adx_rising, atr_ratio=1.0, avoid=[0, 1, 2, 3, 4, 5]",76,27.6,7.03,0.8,-11.47
NAS100_USD,15m,30.0,3.0,2,2.3,2025-10-23 to 2026-03-27,False,True,25.0,1.0,"[0, 1, 2, 3, 4, 5]","adx_rising, adx_min=25, atr_ratio=1.0, avoid=[0, 1, 2, 3, 4, 5]",87,27.6,7.92,0.75,-13.43
NAS100_USD,15m,30.0,3.0,2,2.3,2025-10-23 to 2026-03-27,False,True,20.0,1.2,"[7, 8]","adx_rising, adx_min=20, atr_ratio=1.2, avoid=[7, 8]",62,27.4,5.15,0.72,-11.62
NAS100_USD,15m,30.0,3.0,2,2.3,2025-10-23 to 2026-03-27,False,True,20.0,0.0,"[0, 1, 2, 3, 4, 5]","adx_rising, adx_min=20, avoid=[0, 1, 2, 3, 4, 5]",113,27.4,9.66,0.69,-13.59
NAS100_USD,15m,30.0,3.0,2,2.3,2025-10-23 to 2026-03-27,False,True,20.0,1.2,"[21, 22, 23]","adx_rising, adx_min=20, atr_ratio=1.2, avoid=[21, 22, 23]",66,27.3,5.09,0.68,-12.51
NAS100_USD,15m,30.0,3.0,2,2.3,2025-10-23 to 2026-03-27,False,True,20.0,1.2,"[20, 21, 22, 23]","adx_rising, adx_min=20, atr_ratio=1.2, avoid=[20, 21, 22, 23]",66,27.3,5.09,0.68,-12.51
NAS100_USD,15m,30.0,3.0,2,2.3,2025-10-23 to 2026-03-27,False,True,25.0,0.0,"[0, 1, 2, 3, 4, 5]","adx_rising, adx_min=25, avoid=[0, 1, 2, 3, 4, 5]",103,27.2,7.67,0.62,-16.05
NAS100_USD,15m,30.0,3.0,2,2.3,2025-10-23 to 2026-03-27,False,True,20.0,1.0,"[0, 1, 2, 3, 4, 5]","adx_rising, adx_min=20, atr_ratio=1.0, avoid=[0, 1, 2, 3, 4, 5]",96,27.1,6.72,0.57,-13.54
NAS100_USD,15m,30.0,3.0,2,2.3,2025-10-23 to 2026-03-27,False,True,20.0,1.2,[7],"adx_rising, adx_min=20, atr_ratio=1.2, avoid=[7]",65,26.2,2.03,0.28,-12.51
NAS100_USD,15m,30.0,3.0,2,2.3,2025-10-23 to 2026-03-27,False,True,20.0,1.2,,"adx_rising, adx_min=20, atr_ratio=1.2",66,25.8,1.01,0.14,-12.51
NAS100_USD,15m,30.0,3.0,2,2.3,2025-10-23 to 2026-03-27,False,True,20.0,1.2,"[0, 1, 2, 3, 4, 5]","adx_rising, adx_min=20, atr_ratio=1.2, avoid=[0, 1, 2, 3, 4, 5]",66,25.8,1.01,0.14,-12.51
NAS100_USD,15m,30.0,3.0,2,2.3,2025-10-23 to 2026-03-27,True,True,25.0,0.0,"[0, 1, 2, 3, 4, 5]","di_slope, adx_rising, adx_min=25, avoid=[0, 1, 2, 3, 4, 5]",74,25.7,0.89,0.11,-14.96
